,site_id,building_id,primary_use,square_feet,year_built,floor_count,site_name
0,0,0,Education,7432,2008,,"University of Central Florida, Orlando, FL"
1,0,1,Education,2720,2004,,"University of Central Florida, Orlando, FL"
2,0,2,Education,5376,1991,,"University of Central Florida, Orlando, FL"
3,0,3,Education,23685,2002,,"University of Central Florida, Orlando, FL"
4,0,4,Education,116607,1975,,"University of Central Florida, Orlando, FL"
5,0,5,Education,8000,2000,,"University of Central Florida, Orlando, FL"
6,0,6,Lodging/residential,27926,1981,,"University of Central Florida, Orlando, FL"
7,0,7,Education,121074,1989,,"University of Central Florida, Orlando, FL"
8,0,8,Education,60809,2003,,"University of Central Florida, Orlando, FL"
9,0,9,Office,27000,2010,,"University of Central Florida, Orlando, FL"
10,0,10,Entertainment/public assembly,370773,1991,,"University of Central Florida, Orlando, FL"
11,0,11,Education,49073,1968,,"University of Central Florida, Orlando, FL"
12,0,12,Lodging/residential,37100,1999,,"University of Central Florida, Orlando, FL"
13,0,13,Education,99380,2000,,"University of Central Florida, Orlando, FL"
14,0,14,Education,86250,2013,,"University of Central Florida, Orlando, FL"
15,0,15,Office,83957,1974,,"University of Central Florida, Orlando, FL"
16,0,16,Education,54644,1996,,"University of Central Florida, Orlando, FL"
17,0,17,Office,15250,1980,,"University of Central Florida, Orlando, FL"
18,0,18,Education,111891,1996,,"University of Central Florida, Orlando, FL"
19,0,19,Office,18717,2004,,"University of Central Florida, Orlando, FL"
20,0,20,Education,110272,1977,,"University of Central Florida, Orlando, FL"
21,0,21,Office,7043,1990,,"University of Central Florida, Orlando, FL"
22,0,22,Education,3569,1996,,"University of Central Florida, Orlando, FL"
23,0,23,Education,130885,1985,,"University of Central Florida, Orlando, FL"
24,0,24,Education,105545,2001,,"University of Central Florida, Orlando, FL"
25,0,25,Office,103286,1969,,"University of Central Florida, Orlando, FL"
26,0,26,Office,26953,2005,,"University of Central Florida, Orlando, FL"
27,0,27,Lodging/residential,59200,1999,,"University of Central Florida, Orlando, FL"
28,0,28,Office,52957,2016,,"University of Central Florida, Orlando, FL"
29,0,29,Education,113866,2006,,"University of Central Florida, Orlando, FL"
30,0,30,Education,93897,1999,,"University of Central Florida, Orlando, FL"
31,0,31,Education,61904,2001,,"University of Central Florida, Orlando, FL"
32,0,32,Office,48392,2005,,"University of Central Florida, Orlando, FL"
33,0,33,Lodging/residential,38686,2002,,"University of Central Florida, Orlando, FL"
34,0,34,Lodging/residential,42731,2002,,"University of Central Florida, Orlando, FL"
35,0,35,Lodging/residential,41617,2002,,"University of Central Florida, Orlando, FL"
36,0,36,Lodging/residential,53130,2002,,"University of Central Florida, Orlando, FL"
37,0,37,Lodging/residential,53130,2002,,"University of Central Florida, Orlando, FL"
38,0,38,Office,12769,2013,,"University of Central Florida, Orlando, FL"
39,0,39,Office,64619,1969,,"University of Central Florida, Orlando, FL"
40,0,40,Entertainment/public assembly,26944,2001,,"University of Central Florida, Orlando, FL"
41,0,41,Office,93860,1968,,"University of Central Florida, Orlando, FL"
42,0,42,Other,226506,1968,,"University of Central Florida, Orlando, FL"
43,0,43,Retail,59071,1980,,"University of Central Florida, Orlando, FL"
44,0,44,Retail,283,1985,,"University of Central Florida, Orlando, FL"
45,0,45,Retail,15304,2016,,"University of Central Florida, Orlando, FL"
46,0,46,Retail,9045,2016,,"University of Central Florida, Orlando, FL"
47,0,47,Retail,31666,2008,,"University of Central Florida, Orlando, FL"
48,0,48,Other,9569,1989,,"University of Central Florida, Orlando, FL"
49,0,49,Lodging/residential,24456,1968,,"University of Central Florida, Orlando, FL"
50,0,50,Other,4698,1981,,"University of Central Florida, Orlando, FL"
51,0,51,Parking,387638,2014,,"University of Central Florida, Orlando, FL"
52,0,52,Education,106523,1970,,"University of Central Florida, Orlando, FL"
53,0,53,Office,87742,1971,,"University of Central Florida, Orlando, FL"
54,0,54,Education,7867,2011,,"University of Central Florida, Orlando, FL"
55,0,55,Office,16726,2011,,"University of Central Florida, Orlando, FL"
56,0,56,Lodging/residential,60088,2013,,"University of Central Florida, Orlando, FL"
57,0,57,Lodging/residential,65359,2013,,"University of Central Florida, Orlando, FL"
58,0,58,Lodging/residential,83379,2013,,"University of Central Florida, Orlando, FL"
59,0,59,Entertainment/public assembly,81337,2005,,"University of Central Florida, Orlando, FL"
60,0,60,Education,81576,1997,,"University of Central Florida, Orlando, FL"
61,0,61,Lodging/residential,38686,2001,,"University of Central Florida, Orlando, FL"
62,0,62,Lodging/residential,42731,2001,,"University of Central Florida, Orlando, FL"
63,0,63,Lodging/residential,41617,2001,,"University of Central Florida, Orlando, FL"
64,0,64,Lodging/residential,53130,2001,,"University of Central Florida, Orlando, FL"
65,0,65,Lodging/residential,53130,2001,,"University of Central Florida, Orlando, FL"
66,0,66,Lodging/residential,37241,1981,,"University of Central Florida, Orlando, FL"
67,0,67,Lodging/residential,24456,1968,,"University of Central Florida, Orlando, FL"
68,0,68,Parking,487433,2007,,"University of Central Florida, Orlando, FL"
69,0,69,Parking,387638,2000,,"University of Central Florida, Orlando, FL"
70,0,70,Parking,387638,2007,,"University of Central Florida, Orlando, FL"
71,0,71,Parking,387638,1998,,"University of Central Florida, Orlando, FL"
72,0,72,Parking,387638,2002,,"University of Central Florida, Orlando, FL"
73,0,73,Parking,387638,2008,,"University of Central Florida, Orlando, FL"
74,0,74,Parking,387638,1997,,"University of Central Florida, Orlando, FL"
75,0,75,Education,80942,2010,,"University of Central Florida, Orlando, FL"
76,0,76,Education,128887,2009,,"University of Central Florida, Orlando, FL"
77,0,77,Lodging/residential,24456,1968,,"University of Central Florida, Orlando, FL"
78,0,78,Education,76257,2007,,"University of Central Florida, Orlando, FL"
79,0,79,Office,36240,2010,,"University of Central Florida, Orlando, FL"
80,0,80,Office,156111,2001,,"University of Central Florida, Orlando, FL"
81,0,81,Other,3025,1979,,"University of Central Florida, Orlando, FL"
82,0,82,Office,10743,1974,,"University of Central Florida, Orlando, FL"
83,0,83,Other,2070,1996,,"University of Central Florida, Orlando, FL"
84,0,84,Office,4038,1986,,"University of Central Florida, Orlando, FL"
85,0,85,Lodging/residential,37241,1981,,"University of Central Florida, Orlando, FL"
86,0,86,Education,10932,1986,,"University of Central Florida, Orlando, FL"
87,0,87,Entertainment/public assembly,6412,2006,,"University of Central Florida, Orlando, FL"
88,0,88,Entertainment/public assembly,76527,2007,,"University of Central Florida, Orlando, FL"
89,0,89,Retail,161755,1996,,"University of Central Florida, Orlando, FL"
90,0,90,Lodging/residential,59200,1999,,"University of Central Florida, Orlando, FL"
91,0,91,Education,68094,2003,,"University of Central Florida, Orlando, FL"
92,0,92,Office,10779,1970,,"University of Central Florida, Orlando, FL"
93,0,93,Office,33370,1982,,"University of Central Florida, Orlando, FL"
94,0,94,Education,29469,1968,,"University of Central Florida, Orlando, FL"
95,0,95,Lodging/residential,200933,2006,,"University of Central Florida, Orlando, FL"
96,0,96,Lodging/residential,200933,2006,,"University of Central Florida, Orlando, FL"
97,0,97,Lodging/residential,187647,2007,,"University of Central Florida, Orlando, FL"
98,0,98,Lodging/residential,200933,2007,,"University of Central Florida, Orlando, FL"
99,0,99,Office,2260,2016,,"University of Central Florida, Orlando, FL"
100,0,100,Lodging/residential,24456,1968,,"University of Central Florida, Orlando, FL"
101,0,101,Office,18860,1986,,"University of Central Florida, Orlando, FL"
102,0,102,Office,15876,1983,,"University of Central Florida, Orlando, FL"
103,0,103,Education,21657,2016,,"University of Central Florida, Orlando, FL"
104,0,104,Office,45330,2003,,"University of Central Florida, Orlando, FL"
105,1,105,Education,50623,,5.0,"Southampton University, UK"
106,1,106,Education,5374,,4.0,"Southampton University, UK"
107,1,107,Education,97532,2005,10.0,"Southampton University, UK"
108,1,108,Education,81580,1913,5.0,"Southampton University, UK"
109,1,109,Education,56995,1953,6.0,"Southampton University, UK"
110,1,110,Education,27814,2006,8.0,"Southampton University, UK"
111,1,111,Education,118338,1909,7.0,"Southampton University, UK"
112,1,112,Education,32206,,6.0,"Southampton University, UK"
113,1,113,Education,100481,1958,9.0,"Southampton University, UK"
114,1,114,Education,139683,1958,13.0,"Southampton University, UK"
115,1,115,Education,129716,1968,6.0,"Southampton University, UK"
116,1,116,Education,37265,,5.0,"Southampton University, UK"
117,1,117,Education,15489,2004,4.0,"Southampton University, UK"
118,1,118,Education,138316,1960,8.0,"Southampton University, UK"
119,1,119,Education,91149,2007,7.0,"Southampton University, UK"
120,1,120,Education,68211,1976,7.0,"Southampton University, UK"
121,1,121,Education,150318,1906,9.0,"Southampton University, UK"
122,1,122,Education,83043,1991,6.0,"Southampton University, UK"
123,1,123,Education,61204,1989,6.0,"Southampton University, UK"
124,1,124,Education,38319,1900,6.0,"Southampton University, UK"
125,1,125,Education,16802,1995,6.0,"Southampton University, UK"
126,1,126,Education,21539,2004,5.0,"Southampton University, UK"
127,1,127,Lodging/residential,27071,,6.0,"Southampton University, UK"
128,1,128,Lodging/residential,102774,1956,7.0,"Southampton University, UK"
129,1,129,Lodging/residential,102957,1968,7.0,"Southampton University, UK"
130,1,130,Lodging/residential,62893,1960,16.0,"Southampton University, UK"
131,1,131,Lodging/residential,66661,1930,7.0,"Southampton University, UK"
132,1,132,Lodging/residential,83108,1995,8.0,"Southampton University, UK"
133,1,133,Lodging/residential,64723,1960,8.0,"Southampton University, UK"
134,1,134,Lodging/residential,49589,1998,8.0,"Southampton University, UK"
135,1,135,Lodging/residential,66532,1967,10.0,"Southampton University, UK"
136,1,136,Lodging/residential,56467,1960,9.0,"Southampton University, UK"
137,1,137,Entertainment/public assembly,64024,1967,6.0,"Southampton University, UK"
138,1,138,Public services,118231,,6.0,"Southampton University, UK"
139,1,139,Public services,56629,1900,6.0,"Southampton University, UK"
140,1,140,Office,50020,,11.0,"Southampton University, UK"
141,1,141,Office,44789,1919,5.0,"Southampton University, UK"
142,1,142,Office,45348,,4.0,"Southampton University, UK"
143,1,143,Office,40085,,4.0,"Southampton University, UK"
144,1,144,Office,57673,,5.0,"Southampton University, UK"
145,1,145,Office,14219,,4.0,"Southampton University, UK"
146,1,146,Office,31614,1956,8.0,"Southampton University, UK"
147,1,147,Office,82548,1977,7.0,"Southampton University, UK"
148,1,148,Office,174601,1960,12.0,"Southampton University, UK"
149,1,149,Office,81881,1960,8.0,"Southampton University, UK"
150,1,150,Office,65657,1955,8.0,"Southampton University, UK"
151,1,151,Office,30495,1997,8.0,"Southampton University, UK"
152,1,152,Office,10301,1970,2.0,"Southampton University, UK"
153,1,153,Office,16092,1965,3.0,"Southampton University, UK"
154,1,154,Office,34455,1907,8.0,"Southampton University, UK"
155,1,155,Office,51688,1930,8.0,"Southampton University, UK"
156,2,156,Public services,43681,2007,,"Arizona State University, Tempe, AZ"
157,2,157,Office,5258,,,"Arizona State University, Tempe, AZ"
158,2,158,Office,10135,,,"Arizona State University, Tempe, AZ"
159,2,159,Education,9788,,,"Arizona State University, Tempe, AZ"
160,2,160,Entertainment/public assembly,15786,,,"Arizona State University, Tempe, AZ"
161,2,161,Education,11329,,,"Arizona State University, Tempe, AZ"
162,2,162,Education,98829,1968,,"Arizona State University, Tempe, AZ"
163,2,163,Education,72102,1970,,"Arizona State University, Tempe, AZ"
164,2,164,Warehouse/storage,12908,1979,,"Arizona State University, Tempe, AZ"
165,2,165,Warehouse/storage,3877,1975,,"Arizona State University, Tempe, AZ"
166,2,166,Lodging/residential,553210,2009,,"Arizona State University, Tempe, AZ"
167,2,167,Lodging/residential,86323,1956,,"Arizona State University, Tempe, AZ"
168,2,168,Education,183460,2005,,"Arizona State University, Tempe, AZ"
169,2,169,Education,179559,2006,,"Arizona State University, Tempe, AZ"
170,2,170,Retail,45224,1982,,"Arizona State University, Tempe, AZ"
171,2,171,Office,131797,1968,,"Arizona State University, Tempe, AZ"
172,2,172,Office,121440,1983,,"Arizona State University, Tempe, AZ"
173,2,173,Education,90903,,,"Arizona State University, Tempe, AZ"
174,2,174,Education,90900,,,"Arizona State University, Tempe, AZ"
175,2,175,Education,111635,1989,,"Arizona State University, Tempe, AZ"
176,2,176,Education,62238,1970,,"Arizona State University, Tempe, AZ"
177,2,177,Entertainment/public assembly,167066,1989,,"Arizona State University, Tempe, AZ"
178,2,178,Office,23392,,,"Arizona State University, Tempe, AZ"
179,2,179,Food sales and service,24867,2012,,"Arizona State University, Tempe, AZ"
180,2,180,Education,24586,,,"Arizona State University, Tempe, AZ"
181,2,181,Education,148829,2014,,"Arizona State University, Tempe, AZ"
182,2,182,Entertainment/public assembly,1022,,,"Arizona State University, Tempe, AZ"
183,2,183,Education,132518,1992,,"Arizona State University, Tempe, AZ"
184,2,184,Education,34171,,,"Arizona State University, Tempe, AZ"
185,2,185,Education,84300,,,"Arizona State University, Tempe, AZ"
186,2,186,Religious worship,1629,1948,,"Arizona State University, Tempe, AZ"
187,2,187,Education,44203,1950,,"Arizona State University, Tempe, AZ"
188,2,188,Office,23549,1941,,"Arizona State University, Tempe, AZ"
189,2,189,Education,7481,1969,,"Arizona State University, Tempe, AZ"
190,2,190,Education,137040,1957,,"Arizona State University, Tempe, AZ"
191,2,191,Education,78268,1964,,"Arizona State University, Tempe, AZ"
192,2,192,Education,151637,1983,,"Arizona State University, Tempe, AZ"
193,2,193,Office,6203,1999,,"Arizona State University, Tempe, AZ"
194,2,194,Office,155682,,,"Arizona State University, Tempe, AZ"
195,2,195,Office,9703,1940,,"Arizona State University, Tempe, AZ"
196,2,196,Entertainment/public assembly,40531,,,"Arizona State University, Tempe, AZ"
197,2,197,Public services,102856,,,"Arizona State University, Tempe, AZ"
198,2,198,Office,163959,2004,,"Arizona State University, Tempe, AZ"
199,2,199,Parking,405083,2004,,"Arizona State University, Tempe, AZ"
200,2,200,Entertainment/public assembly,143093,1964,,"Arizona State University, Tempe, AZ"
201,2,201,Education,219608,1992,,"Arizona State University, Tempe, AZ"
202,2,202,Lodging/residential,74682,2006,,"Arizona State University, Tempe, AZ"
203,2,203,Lodging/residential,63348,2007,,"Arizona State University, Tempe, AZ"
204,2,204,Lodging/residential,30949,1951,,"Arizona State University, Tempe, AZ"
205,2,205,Lodging/residential,60086,2001,,"Arizona State University, Tempe, AZ"
206,2,206,Public services,345837,1966,,"Arizona State University, Tempe, AZ"
207,2,207,Public services,99700,,,"Arizona State University, Tempe, AZ"
208,2,208,Healthcare,36904,1934,,"Arizona State University, Tempe, AZ"
209,2,209,Education,193294,2006,,"Arizona State University, Tempe, AZ"
210,2,210,Education,71248,2004,,"Arizona State University, Tempe, AZ"
211,2,211,Education,48411,,,"Arizona State University, Tempe, AZ"
212,2,212,Education,327256,2012,,"Arizona State University, Tempe, AZ"
213,2,213,Education,49662,1964,,"Arizona State University, Tempe, AZ"
214,2,214,Education,91273,1951,,"Arizona State University, Tempe, AZ"
215,2,215,Lodging/residential,36406,1940,,"Arizona State University, Tempe, AZ"
216,2,216,Education,137065,1964,,"Arizona State University, Tempe, AZ"
217,2,217,Education,282946,2003,,"Arizona State University, Tempe, AZ"
218,2,218,Public services,16411,,,"Arizona State University, Tempe, AZ"
219,2,219,Education,96124,1959,,"Arizona State University, Tempe, AZ"
220,2,220,Education,122592,1971,,"Arizona State University, Tempe, AZ"
221,2,221,Education,204349,1993,,"Arizona State University, Tempe, AZ"
222,2,222,Entertainment/public assembly,11935,1939,,"Arizona State University, Tempe, AZ"
223,2,223,Education,261188,,,"Arizona State University, Tempe, AZ"
224,2,224,Education,272278,1955,,"Arizona State University, Tempe, AZ"
225,2,225,Lodging/residential,216526,1967,,"Arizona State University, Tempe, AZ"
226,2,226,Office,74180,1930,,"Arizona State University, Tempe, AZ"
227,2,227,Entertainment/public assembly,17132,1918,,"Arizona State University, Tempe, AZ"
228,2,228,Lodging/residential,49108,1951,,"Arizona State University, Tempe, AZ"
229,2,229,Education,140092,,,"Arizona State University, Tempe, AZ"
230,2,230,Education,10334,,,"Arizona State University, Tempe, AZ"
231,2,231,Education,33739,1939,,"Arizona State University, Tempe, AZ"
232,2,232,Entertainment/public assembly,24345,1981,,"Arizona State University, Tempe, AZ"
233,2,233,Education,25139,1970,,"Arizona State University, Tempe, AZ"
234,2,234,Education,179167,1971,,"Arizona State University, Tempe, AZ"
235,2,235,Education,9309,1970,,"Arizona State University, Tempe, AZ"
236,2,236,Entertainment/public assembly,144086,1989,,"Arizona State University, Tempe, AZ"
237,2,237,Public services,101262,1982,,"Arizona State University, Tempe, AZ"
238,2,238,Office,45017,,,"Arizona State University, Tempe, AZ"
239,2,239,Lodging/residential,106440,1963,,"Arizona State University, Tempe, AZ"
240,2,240,Lodging/residential,111304,1964,,"Arizona State University, Tempe, AZ"
241,2,241,Entertainment/public assembly,51999,1974,,"Arizona State University, Tempe, AZ"
242,2,242,Parking,157113,1987,,"Arizona State University, Tempe, AZ"
243,2,243,Parking,557217,2004,,"Arizona State University, Tempe, AZ"
244,2,244,Education,95717,,,"Arizona State University, Tempe, AZ"
245,2,245,Education,88486,,,"Arizona State University, Tempe, AZ"
246,2,246,Office,202435,1967,,"Arizona State University, Tempe, AZ"
247,2,247,Education,64560,1965,,"Arizona State University, Tempe, AZ"
248,2,248,Education,24643,1982,,"Arizona State University, Tempe, AZ"
249,2,249,Entertainment/public assembly,179449,1976,,"Arizona State University, Tempe, AZ"
250,2,250,Education,131710,1991,,"Arizona State University, Tempe, AZ"
251,2,251,Education,12773,,,"Arizona State University, Tempe, AZ"
252,2,252,Education,4314,1907,,"Arizona State University, Tempe, AZ"
253,2,253,Education,65907,1964,,"Arizona State University, Tempe, AZ"
254,2,254,Entertainment/public assembly,254766,1989,,"Arizona State University, Tempe, AZ"
255,2,255,Education,49078,1914,,"Arizona State University, Tempe, AZ"
256,2,256,Education,16744,,,"Arizona State University, Tempe, AZ"
257,2,257,Education,75650,,,"Arizona State University, Tempe, AZ"
258,2,258,Education,71224,,,"Arizona State University, Tempe, AZ"
259,2,259,Education,77469,,,"Arizona State University, Tempe, AZ"
260,2,260,Education,126985,1979,,"Arizona State University, Tempe, AZ"
261,2,261,Education,89770,,,"Arizona State University, Tempe, AZ"
262,2,262,Entertainment/public assembly,20804,1999,,"Arizona State University, Tempe, AZ"
263,2,263,Education,87673,1960,,"Arizona State University, Tempe, AZ"
264,2,264,Office,83660,1973,,"Arizona State University, Tempe, AZ"
265,2,265,Office,118966,1988,,"Arizona State University, Tempe, AZ"
266,2,266,Education,30543,,,"Arizona State University, Tempe, AZ"
267,2,267,Entertainment/public assembly,72193,2013,,"Arizona State University, Tempe, AZ"
268,2,268,Entertainment/public assembly,77844,,,"Arizona State University, Tempe, AZ"
269,2,269,Entertainment/public assembly,809530,1958,,"Arizona State University, Tempe, AZ"
270,2,270,Office,29778,,,"Arizona State University, Tempe, AZ"
271,2,271,Education,71421,,,"Arizona State University, Tempe, AZ"
272,2,272,Education,4583,,,"Arizona State University, Tempe, AZ"
273,2,273,Office,140345,,,"Arizona State University, Tempe, AZ"
274,2,274,Office,42214,1985,,"Arizona State University, Tempe, AZ"
275,2,275,Office,70832,2014,,"Arizona State University, Tempe, AZ"
276,2,276,Office,70837,2014,,"Arizona State University, Tempe, AZ"
277,2,277,Education,12761,1909,,"Arizona State University, Tempe, AZ"
278,2,278,Office,148101,,,"Arizona State University, Tempe, AZ"
279,2,279,Education,49384,1967,,"Arizona State University, Tempe, AZ"
280,2,280,Entertainment/public assembly,105505,2008,,"Arizona State University, Tempe, AZ"
281,2,281,Food sales and service,28862,,,"Arizona State University, Tempe, AZ"
282,2,282,Office,28750,,,"Arizona State University, Tempe, AZ"
283,2,283,Entertainment/public assembly,51920,,,"Arizona State University, Tempe, AZ"
284,2,284,Entertainment/public assembly,230259,1975,,"Arizona State University, Tempe, AZ"
285,2,285,Utility,21958,,,"Arizona State University, Tempe, AZ"
286,2,286,Lodging/residential,32841,1935,,"Arizona State University, Tempe, AZ"
287,2,287,Office,33713,1956,,"Arizona State University, Tempe, AZ"
288,2,288,Entertainment/public assembly,10733,2005,,"Arizona State University, Tempe, AZ"
289,2,289,Entertainment/public assembly,9666,2005,,"Arizona State University, Tempe, AZ"
290,2,290,Office,51732,1966,,"Arizona State University, Tempe, AZ"
291,3,291,Public services,90635,2011,,"Washington DC, WA"
292,3,292,Public services,33743,,,"Washington DC, WA"
293,3,293,Office,408000,2010,,"Washington DC, WA"
294,3,294,Entertainment/public assembly,14913,,,"Washington DC, WA"
295,3,295,Education,83400,1942,,"Washington DC, WA"
296,3,296,Public services,22000,,,"Washington DC, WA"
297,3,297,Education,66200,1950,,"Washington DC, WA"
298,3,298,Entertainment/public assembly,39541,,,"Washington DC, WA"
299,3,299,Education,356000,2014,,"Washington DC, WA"
300,3,300,Education,62800,2014,,"Washington DC, WA"
301,3,301,Public services,51176,,,"Washington DC, WA"
302,3,302,Education,57100,2015,,"Washington DC, WA"
303,3,303,Entertainment/public assembly,15950,,,"Washington DC, WA"
304,3,304,Entertainment/public assembly,194300,1900,,"Washington DC, WA"
305,3,305,Office,8637,,,"Washington DC, WA"
306,3,306,Education,51500,1931,,"Washington DC, WA"
307,3,307,Public services,10873,,,"Washington DC, WA"
308,3,308,Public services,5033,,,"Washington DC, WA"
309,3,309,Entertainment/public assembly,2067,,,"Washington DC, WA"
310,3,310,Public services,22000,,,"Washington DC, WA"
311,3,311,Education,50000,1928,,"Washington DC, WA"
312,3,312,Entertainment/public assembly,6625,,,"Washington DC, WA"
313,3,313,Education,103800,,,"Washington DC, WA"
314,3,314,Education,225000,,,"Washington DC, WA"
315,3,315,Entertainment/public assembly,20644,,,"Washington DC, WA"
316,3,316,Public services,78550,,,"Washington DC, WA"
317,3,317,Office,16098,,,"Washington DC, WA"
318,3,318,Office,105000,,,"Washington DC, WA"
319,3,319,Public services,13100,1929,,"Washington DC, WA"
320,3,320,Education,105500,,,"Washington DC, WA"
321,3,321,Public services,15913,,,"Washington DC, WA"
322,3,322,Education,37083,1908,,"Washington DC, WA"
323,3,323,Education,282200,1928,,"Washington DC, WA"
324,3,324,Entertainment/public assembly,11910,,,"Washington DC, WA"
325,3,325,Education,59200,1959,,"Washington DC, WA"
326,3,326,Entertainment/public assembly,45548,,,"Washington DC, WA"
327,3,327,Education,99325,1927,,"Washington DC, WA"
328,3,328,Education,47200,1935,,"Washington DC, WA"
329,3,329,Entertainment/public assembly,3133,,,"Washington DC, WA"
330,3,330,Education,65000,,,"Washington DC, WA"
331,3,331,Education,288800,1923,,"Washington DC, WA"
332,3,332,Education,90400,,,"Washington DC, WA"
333,3,333,Education,59900,1962,,"Washington DC, WA"
334,3,334,Education,57100,1960,,"Washington DC, WA"
335,3,335,Office,229000,2010,,"Washington DC, WA"
336,3,336,Education,43000,1923,,"Washington DC, WA"
337,3,337,Entertainment/public assembly,22334,1977,,"Washington DC, WA"
338,3,338,Entertainment/public assembly,23803,1969,,"Washington DC, WA"
339,3,339,Education,71100,,,"Washington DC, WA"
340,3,340,Entertainment/public assembly,1843,,,"Washington DC, WA"
341,3,341,Education,158000,1959,,"Washington DC, WA"
342,3,342,Lodging/residential,15420,,,"Washington DC, WA"
343,3,343,Public services,22000,,,"Washington DC, WA"
344,3,344,Education,77500,1942,,"Washington DC, WA"
345,3,345,Lodging/residential,7250,,,"Washington DC, WA"
346,3,346,Entertainment/public assembly,17709,,,"Washington DC, WA"
347,3,347,Education,75900,1974,,"Washington DC, WA"
348,3,348,Public services,10577,1969,,"Washington DC, WA"
349,3,349,Public services,45098,,,"Washington DC, WA"
350,3,350,Education,83800,1944,,"Washington DC, WA"
351,3,351,Education,58908,1910,,"Washington DC, WA"
352,3,352,Education,144900,,,"Washington DC, WA"
353,3,353,Education,99700,1955,,"Washington DC, WA"
354,3,354,Education,77500,,,"Washington DC, WA"
355,3,355,Education,182500,1970,,"Washington DC, WA"
356,3,356,Public services,4336,,,"Washington DC, WA"
357,3,357,Lodging/residential,2000,,,"Washington DC, WA"
358,3,358,Education,77700,,,"Washington DC, WA"
359,3,359,Public services,4925,,,"Washington DC, WA"
360,3,360,Education,69600,1949,,"Washington DC, WA"
361,3,361,Public services,13224,1965,,"Washington DC, WA"
362,3,362,Public services,21368,,,"Washington DC, WA"
363,3,363,Education,69300,2017,,"Washington DC, WA"
364,3,364,Education,83800,,,"Washington DC, WA"
365,3,365,Healthcare,819577,1922,,"Washington DC, WA"
366,3,366,Public services,9941,1963,,"Washington DC, WA"
367,3,367,Entertainment/public assembly,20584,,,"Washington DC, WA"
368,3,368,Retail,16500,,,"Washington DC, WA"
369,3,369,Public services,6431,,,"Washington DC, WA"
370,3,370,Entertainment/public assembly,15960,2005,,"Washington DC, WA"
371,3,371,Entertainment/public assembly,5554,,,"Washington DC, WA"
372,3,372,Education,49100,1911,,"Washington DC, WA"
373,3,373,Education,46484,1932,,"Washington DC, WA"
374,3,374,Lodging/residential,350000,1949,,"Washington DC, WA"
375,3,375,Office,850354,1989,,"Washington DC, WA"
376,3,376,Office,585955,1942,,"Washington DC, WA"
377,3,377,Public services,12506,,,"Washington DC, WA"
378,3,378,Public services,35241,1978,,"Washington DC, WA"
379,3,379,Entertainment/public assembly,7675,,,"Washington DC, WA"
380,3,380,Education,95100,1927,,"Washington DC, WA"
381,3,381,Entertainment/public assembly,1858,,,"Washington DC, WA"
382,3,382,Education,47984,2002,,"Washington DC, WA"
383,3,383,Warehouse/storage,27318,,,"Washington DC, WA"
384,3,384,Office,13728,,,"Washington DC, WA"
385,3,385,Public services,18432,1973,,"Washington DC, WA"
386,3,386,Entertainment/public assembly,17262,2003,,"Washington DC, WA"
387,3,387,Education,104200,2009,,"Washington DC, WA"
388,3,388,Public services,30810,,,"Washington DC, WA"
389,3,389,Education,57165,2014,,"Washington DC, WA"
390,3,390,Office,34400,,,"Washington DC, WA"
391,3,391,Education,87107,,,"Washington DC, WA"
392,3,392,Education,53000,1912,,"Washington DC, WA"
393,3,393,Education,59400,1900,,"Washington DC, WA"
394,3,394,Entertainment/public assembly,3545,2000,,"Washington DC, WA"
395,3,395,Public services,8925,1912,,"Washington DC, WA"
396,3,396,Public services,16768,1980,,"Washington DC, WA"
397,3,397,Public services,54061,2006,,"Washington DC, WA"
398,3,398,Education,62200,,,"Washington DC, WA"
399,3,399,Education,180000,1939,,"Washington DC, WA"
400,3,400,Public services,19315,,,"Washington DC, WA"
401,3,401,Entertainment/public assembly,12660,,,"Washington DC, WA"
402,3,402,Public services,2818,,,"Washington DC, WA"
403,3,403,Education,49500,1962,,"Washington DC, WA"
404,3,404,Public services,5783,,,"Washington DC, WA"
405,3,405,Education,82200,1916,,"Washington DC, WA"
406,3,406,Entertainment/public assembly,2347,,,"Washington DC, WA"
407,3,407,Education,325217,2006,,"Washington DC, WA"
408,3,408,Entertainment/public assembly,16098,1929,,"Washington DC, WA"
409,3,409,Education,38500,2016,,"Washington DC, WA"
410,3,410,Education,64113,1924,,"Washington DC, WA"
411,3,411,Entertainment/public assembly,6139,,,"Washington DC, WA"
412,3,412,Education,110000,,,"Washington DC, WA"
413,3,413,Warehouse/storage,14839,2005,,"Washington DC, WA"
414,3,414,Entertainment/public assembly,36387,,,"Washington DC, WA"
415,3,415,Education,41329,,,"Washington DC, WA"
416,3,416,Public services,7079,,,"Washington DC, WA"
417,3,417,Education,69600,1978,,"Washington DC, WA"
418,3,418,Entertainment/public assembly,86120,1926,,"Washington DC, WA"
419,3,419,Education,271300,1940,,"Washington DC, WA"
420,3,420,Public services,81397,2004,,"Washington DC, WA"
421,3,421,Entertainment/public assembly,11274,,,"Washington DC, WA"
422,3,422,Public services,8726,,,"Washington DC, WA"
423,3,423,Entertainment/public assembly,969,,,"Washington DC, WA"
424,3,424,Public services,32527,,,"Washington DC, WA"
425,3,425,Warehouse/storage,202829,1983,,"Washington DC, WA"
426,3,426,Education,101400,1930,,"Washington DC, WA"
427,3,427,Public services,14269,,,"Washington DC, WA"
428,3,428,Entertainment/public assembly,1396,,,"Washington DC, WA"
429,3,429,Public services,11934,1930,,"Washington DC, WA"
430,3,430,Public services,23918,,,"Washington DC, WA"
431,3,431,Parking,1760,,,"Washington DC, WA"
432,3,432,Public services,103200,,,"Washington DC, WA"
433,3,433,Entertainment/public assembly,23055,,,"Washington DC, WA"
434,3,434,Education,39500,,,"Washington DC, WA"
435,3,435,Office,29916,2002,,"Washington DC, WA"
436,3,436,Lodging/residential,15574,,,"Washington DC, WA"
437,3,437,Entertainment/public assembly,11651,,,"Washington DC, WA"
438,3,438,Public services,36562,,,"Washington DC, WA"
439,3,439,Office,62205,,,"Washington DC, WA"
440,3,440,Public services,35033,1962,,"Washington DC, WA"
441,3,441,Public services,3267,,,"Washington DC, WA"
442,3,442,Education,70800,1964,,"Washington DC, WA"
443,3,443,Education,109000,1940,,"Washington DC, WA"
444,3,444,Public services,12945,1960,,"Washington DC, WA"
445,3,445,Education,40950,1910,,"Washington DC, WA"
446,3,446,Public services,43992,,,"Washington DC, WA"
447,3,447,Public services,21472,2011,,"Washington DC, WA"
448,3,448,Office,328760,1904,,"Washington DC, WA"
449,3,449,Lodging/residential,18340,1900,,"Washington DC, WA"
450,3,450,Education,116872,1931,,"Washington DC, WA"
451,3,451,Entertainment/public assembly,5013,,,"Washington DC, WA"
452,3,452,Education,155100,1931,,"Washington DC, WA"
453,3,453,Public services,24875,1984,,"Washington DC, WA"
454,3,454,Public services,16576,1932,,"Washington DC, WA"
455,3,455,Healthcare,29192,2014,,"Washington DC, WA"
456,3,456,Public services,14125,,,"Washington DC, WA"
457,3,457,Education,79700,1932,,"Washington DC, WA"
458,3,458,Entertainment/public assembly,4589,,,"Washington DC, WA"
459,3,459,Entertainment/public assembly,36744,2004,,"Washington DC, WA"
460,3,460,Public services,17927,,,"Washington DC, WA"
461,3,461,Education,69400,1959,,"Washington DC, WA"
462,3,462,Public services,9226,,,"Washington DC, WA"
463,3,463,Public services,25000,,,"Washington DC, WA"
464,3,464,Public services,9816,,,"Washington DC, WA"
465,3,465,Office,6400,,,"Washington DC, WA"
466,3,466,Public services,22500,,,"Washington DC, WA"
467,3,467,Public services,47439,,,"Washington DC, WA"
468,3,468,Office,40000,,,"Washington DC, WA"
469,3,469,Public services,13044,1913,,"Washington DC, WA"
470,3,470,Public services,24618,,,"Washington DC, WA"
471,3,471,Education,170000,1956,,"Washington DC, WA"
472,3,472,Education,69400,1911,,"Washington DC, WA"
473,3,473,Public services,46007,1950,,"Washington DC, WA"
474,3,474,Public services,10151,1966,,"Washington DC, WA"
475,3,475,Office,474680,1986,,"Washington DC, WA"
476,3,476,Entertainment/public assembly,1102,,,"Washington DC, WA"
477,3,477,Public services,21600,,,"Washington DC, WA"
478,3,478,Lodging/residential,31283,1935,,"Washington DC, WA"
479,3,479,Public services,43955,1978,,"Washington DC, WA"
480,3,480,Office,30000,,,"Washington DC, WA"
481,3,481,Education,104294,1976,,"Washington DC, WA"
482,3,482,Education,394000,2013,,"Washington DC, WA"
483,3,483,Education,207000,1935,,"Washington DC, WA"
484,3,484,Public services,18000,,,"Washington DC, WA"
485,3,485,Public services,22000,2007,,"Washington DC, WA"
486,3,486,Education,86375,1903,,"Washington DC, WA"
487,3,487,Education,66600,1959,,"Washington DC, WA"
488,3,488,Education,69600,1908,,"Washington DC, WA"
489,3,489,Education,85039,1925,,"Washington DC, WA"
490,3,490,Education,98900,1961,,"Washington DC, WA"
491,3,491,Education,66600,1970,,"Washington DC, WA"
492,3,492,Education,193800,,,"Washington DC, WA"
493,3,493,Education,283000,2014,,"Washington DC, WA"
494,3,494,Education,72800,1959,,"Washington DC, WA"
495,3,495,Education,47500,1968,,"Washington DC, WA"
496,3,496,Public services,16200,,,"Washington DC, WA"
497,3,497,Public services,7732,,,"Washington DC, WA"
498,3,498,Entertainment/public assembly,14842,,,"Washington DC, WA"
499,3,499,Education,376507,2011,,"Washington DC, WA"
500,3,500,Education,99975,1968,,"Washington DC, WA"
501,3,501,Education,66404,,,"Washington DC, WA"
502,3,502,Public services,6010,,,"Washington DC, WA"
503,3,503,Other,10762,,,"Washington DC, WA"
504,3,504,Warehouse/storage,112536,,,"Washington DC, WA"
505,3,505,Warehouse/storage,51622,1975,,"Washington DC, WA"
506,3,506,Other,34400,,,"Washington DC, WA"
507,3,507,Education,61151,,,"Washington DC, WA"
508,3,508,Other,112283,,,"Washington DC, WA"
509,3,509,Other,10578,,,"Washington DC, WA"
510,3,510,Public services,4581,,,"Washington DC, WA"
511,3,511,Public services,12316,,,"Washington DC, WA"
512,3,512,Lodging/residential,5000,2010,,"Washington DC, WA"
513,3,513,Public services,112283,,,"Washington DC, WA"
514,3,514,Public services,12750,,,"Washington DC, WA"
515,3,515,Education,63900,1921,,"Washington DC, WA"
516,3,516,Public services,9000,,,"Washington DC, WA"
517,3,517,Lodging/residential,2210,,,"Washington DC, WA"
518,3,518,Public services,555243,1941,,"Washington DC, WA"
519,3,519,Public services,461647,1976,,"Washington DC, WA"
520,3,520,Office,27600,,,"Washington DC, WA"
521,3,521,Public services,12000,,,"Washington DC, WA"
522,3,522,Office,8000,,,"Washington DC, WA"
523,3,523,Entertainment/public assembly,9726,,,"Washington DC, WA"
524,3,524,Public services,134114,,,"Washington DC, WA"
525,3,525,Public services,9062,,,"Washington DC, WA"
526,3,526,Public services,7636,,,"Washington DC, WA"
527,3,527,Public services,9392,,,"Washington DC, WA"
528,3,528,Public services,11143,,,"Washington DC, WA"
529,3,529,Public services,14519,1908,,"Washington DC, WA"
530,3,530,Public services,144000,,,"Washington DC, WA"
531,3,531,Public services,68203,,,"Washington DC, WA"
532,3,532,Entertainment/public assembly,7133,,,"Washington DC, WA"
533,3,533,Lodging/residential,11900,,,"Washington DC, WA"
534,3,534,Entertainment/public assembly,898,,,"Washington DC, WA"
535,3,535,Healthcare,15000,2010,,"Washington DC, WA"
536,3,536,Entertainment/public assembly,1962,,,"Washington DC, WA"
537,3,537,Education,73200,1959,,"Washington DC, WA"
538,3,538,Religious worship,10000,2010,,"Washington DC, WA"
539,3,539,Entertainment/public assembly,1473,,,"Washington DC, WA"
540,3,540,Education,88300,1909,,"Washington DC, WA"
541,3,541,Lodging/residential,2582,,,"Washington DC, WA"
542,3,542,Education,66900,1969,,"Washington DC, WA"
543,3,543,Entertainment/public assembly,801,,,"Washington DC, WA"
544,3,544,Public services,110800,1972,,"Washington DC, WA"
545,3,545,Education,21903,1931,,"Washington DC, WA"
546,3,546,Public services,400000,1971,,"Washington DC, WA"
547,3,547,Healthcare,23903,,,"Washington DC, WA"
548,3,548,Healthcare,9813,2010,,"Washington DC, WA"
549,3,549,Public services,12754,1968,,"Washington DC, WA"
550,3,550,Public services,16000,2014,,"Washington DC, WA"
551,3,551,Office,30525,,,"Washington DC, WA"
552,3,552,Public services,20110,1936,,"Washington DC, WA"
553,3,553,Education,37800,,,"Washington DC, WA"
554,3,554,Entertainment/public assembly,26187,,,"Washington DC, WA"
555,3,555,Education,22400,,,"Washington DC, WA"
556,3,556,Healthcare,450000,2012,,"Washington DC, WA"
557,3,557,Public services,19000,,,"Washington DC, WA"
558,3,558,Office,89315,,,"Washington DC, WA"
559,3,559,Education,48994,2015,,"Washington DC, WA"
560,3,560,Office,340000,2010,,"Washington DC, WA"
561,3,561,Office,295000,,,"Washington DC, WA"
562,3,562,Education,235000,2013,,"Washington DC, WA"
563,3,563,Office,31346,,,"Washington DC, WA"
564,3,564,Public services,89315,,,"Washington DC, WA"
565,4,565,Education,15326,1954,2.0,"University of California, Berkeley, CA"
566,4,566,Education,2010,1957,1.0,"University of California, Berkeley, CA"
567,4,567,Entertainment/public assembly,82670,2016,4.0,"University of California, Berkeley, CA"
568,4,568,Education,14150,1974,2.0,"University of California, Berkeley, CA"
569,4,569,Education,86091,1964,8.0,"University of California, Berkeley, CA"
570,4,570,Education,193202,1964,10.0,"University of California, Berkeley, CA"
571,4,571,Education,47954,1980,3.0,"University of California, Berkeley, CA"
572,4,572,Education,94175,1964,9.0,"University of California, Berkeley, CA"
573,4,573,Education,23815,1914,4.0,"University of California, Berkeley, CA"
574,4,574,Education,56343,1905,4.0,"University of California, Berkeley, CA"
575,4,575,Technology/science,33167,1963,4.0,"University of California, Berkeley, CA"
576,4,576,Education,86465,2014,7.0,"University of California, Berkeley, CA"
577,4,577,Education,113589,1958,3.0,"University of California, Berkeley, CA"
578,4,578,Lodging/residential,71994,2004,4.0,"University of California, Berkeley, CA"
579,4,579,Education,7781,1910,4.0,"University of California, Berkeley, CA"
580,4,580,Education,104016,1960,4.0,"University of California, Berkeley, CA"
581,4,581,Lodging/residential,23012,1930,3.0,"University of California, Berkeley, CA"
582,4,582,Education,14542,1920,4.0,"University of California, Berkeley, CA"
583,4,583,Education,206054,1950,9.0,"University of California, Berkeley, CA"
584,4,584,Education,137806,1967,8.0,"University of California, Berkeley, CA"
585,4,585,Public services,132394,1949,7.0,"University of California, Berkeley, CA"
586,4,586,Public services,166514,1917,5.0,"University of California, Berkeley, CA"
587,4,587,Technology/science,53234,1942,5.0,"University of California, Berkeley, CA"
588,4,588,Education,21866,1911,4.0,"University of California, Berkeley, CA"
589,4,589,Education,305268,1952,8.0,"University of California, Berkeley, CA"
590,4,590,Education,8516,1920,2.0,"University of California, Berkeley, CA"
591,4,591,Entertainment/public assembly,59326,1932,1.0,"University of California, Berkeley, CA"
592,4,592,Education,120694,2012,7.0,"University of California, Berkeley, CA"
593,4,593,Education,66203,2015,6.0,"University of California, Berkeley, CA"
594,4,594,Education,177281,1964,7.0,"University of California, Berkeley, CA"
595,4,595,Education,270413,1971,14.0,"University of California, Berkeley, CA"
596,4,596,Education,18474,1923,4.0,"University of California, Berkeley, CA"
597,4,597,Public services,189425,1994,4.0,"University of California, Berkeley, CA"
598,4,598,Public services,68701,1930,4.0,"University of California, Berkeley, CA"
599,4,599,Education,25996,1954,4.0,"University of California, Berkeley, CA"
600,4,600,Education,44182,1917,5.0,"University of California, Berkeley, CA"
601,4,601,Entertainment/public assembly,11910,1903,2.0,"University of California, Berkeley, CA"
602,4,602,Entertainment/public assembly,238065,1933,6.0,"University of California, Berkeley, CA"
603,4,603,Public services,29063,2004,3.0,"University of California, Berkeley, CA"
604,4,604,Education,8463,,3.0,"University of California, Berkeley, CA"
605,4,605,Education,51020,1924,5.0,"University of California, Berkeley, CA"
606,4,606,Utility,23432,1999,2.0,"University of California, Berkeley, CA"
607,4,607,Education,34825,1999,2.0,"University of California, Berkeley, CA"
608,4,608,Entertainment/public assembly,124197,1927,3.0,"University of California, Berkeley, CA"
609,4,609,Education,141461,1907,6.0,"University of California, Berkeley, CA"
610,4,610,Entertainment/public assembly,30160,1958,4.0,"University of California, Berkeley, CA"
611,4,611,Education,128126,1966,7.0,"University of California, Berkeley, CA"
612,4,612,Education,77055,1917,4.0,"University of California, Berkeley, CA"
613,4,613,Entertainment/public assembly,1305,1995,1.0,"University of California, Berkeley, CA"
614,4,614,Lodging/residential,185200,1930,8.0,"University of California, Berkeley, CA"
615,4,615,Education,153700,1990,7.0,"University of California, Berkeley, CA"
616,4,616,Education,117814,1959,6.0,"University of California, Berkeley, CA"
617,4,617,Education,182943,1963,11.0,"University of California, Berkeley, CA"
618,4,618,Education,148032,1924,5.0,"University of California, Berkeley, CA"
619,4,619,Education,68146,1948,6.0,"University of California, Berkeley, CA"
620,4,620,Education,220703,2011,9.0,"University of California, Berkeley, CA"
621,4,621,Parking,387,1955,1.0,"University of California, Berkeley, CA"
622,4,622,Education,123612,1961,7.0,"University of California, Berkeley, CA"
623,4,623,Education,49388,1931,6.0,"University of California, Berkeley, CA"
624,4,624,Education,46204,1941,5.0,"University of California, Berkeley, CA"
625,4,625,Education,55516,1978,5.0,"University of California, Berkeley, CA"
626,4,626,Public services,130581,1970,5.0,"University of California, Berkeley, CA"
627,4,627,Education,56637,1953,5.0,"University of California, Berkeley, CA"
628,4,628,Education,40706,1958,3.0,"University of California, Berkeley, CA"
629,4,629,Education,40835,1931,6.0,"University of California, Berkeley, CA"
630,4,630,Education,93420,1948,5.0,"University of California, Berkeley, CA"
631,4,631,Education,23533,1906,3.0,"University of California, Berkeley, CA"
632,4,632,Education,41297,1959,6.0,"University of California, Berkeley, CA"
633,4,633,Parking,98539,1989,2.0,"University of California, Berkeley, CA"
634,4,634,Education,4000,1910,4.0,"University of California, Berkeley, CA"
635,4,635,Education,7122,1909,3.0,"University of California, Berkeley, CA"
636,4,636,Education,6564,1909,3.0,"University of California, Berkeley, CA"
637,4,637,Education,4189,1929,3.0,"University of California, Berkeley, CA"
638,4,638,Education,7900,1923,4.0,"University of California, Berkeley, CA"
639,4,639,Education,14524,1964,2.0,"University of California, Berkeley, CA"
640,4,640,Entertainment/public assembly,36180,1966,9.0,"University of California, Berkeley, CA"
641,4,641,Education,109588,1994,8.0,"University of California, Berkeley, CA"
642,4,642,Education,30401,,4.0,"University of California, Berkeley, CA"
643,4,643,Education,110919,1941,6.0,"University of California, Berkeley, CA"
644,4,644,Entertainment/public assembly,261091,1923,3.0,"University of California, Berkeley, CA"
645,4,645,Education,304333,2006,12.0,"University of California, Berkeley, CA"
646,4,646,Education,58733,1923,6.0,"University of California, Berkeley, CA"
647,4,647,Lodging/residential,86959,1942,5.0,"University of California, Berkeley, CA"
648,4,648,Education,154706,2009,11.0,"University of California, Berkeley, CA"
649,4,649,Education,116121,1996,10.0,"University of California, Berkeley, CA"
650,4,650,Education,75228,1993,4.0,"University of California, Berkeley, CA"
651,4,651,Parking,306140,2007,5.0,"University of California, Berkeley, CA"
652,4,652,Education,150887,1959,9.0,"University of California, Berkeley, CA"
653,4,653,Education,420885,1930,8.0,"University of California, Berkeley, CA"
654,4,654,Education,43910,1912,5.0,"University of California, Berkeley, CA"
655,4,655,Education,222434,1964,11.0,"University of California, Berkeley, CA"
656,5,656,Other,5769,1976,1.0,"London, UK"
657,5,657,Education,109071,1966,3.0,"London, UK"
658,5,658,Entertainment/public assembly,31075,1976,2.0,"London, UK"
659,5,659,Entertainment/public assembly,15306,1976,2.0,"London, UK"
660,5,660,Entertainment/public assembly,5447,1976,1.0,"London, UK"
661,5,661,Entertainment/public assembly,7427,1976,2.0,"London, UK"
662,5,662,Entertainment/public assembly,12777,1976,2.0,"London, UK"
663,5,663,Entertainment/public assembly,57189,1976,2.0,"London, UK"
664,5,664,Entertainment/public assembly,49492,1976,2.0,"London, UK"
665,5,665,Entertainment/public assembly,8773,1966,1.0,"London, UK"
666,5,666,Entertainment/public assembly,12045,1976,1.0,"London, UK"
667,5,667,Entertainment/public assembly,15715,1966,2.0,"London, UK"
668,5,668,Entertainment/public assembly,47275,1976,2.0,"London, UK"
669,5,669,Entertainment/public assembly,4768,1976,1.0,"London, UK"
670,5,670,Healthcare,18471,1966,1.0,"London, UK"
671,5,671,Lodging/residential,7589,1976,3.0,"London, UK"
672,5,672,Manufacturing/industrial,6329,1919,2.0,"London, UK"
673,5,673,Entertainment/public assembly,36307,1976,2.0,"London, UK"
674,5,674,Entertainment/public assembly,149704,1976,8.0,"London, UK"
675,5,675,Manufacturing/industrial,3853,1976,1.0,"London, UK"
676,5,676,Manufacturing/industrial,90697,1976,2.0,"London, UK"
677,5,677,Public services,7072,1919,2.0,"London, UK"
678,5,678,Public services,60977,1976,6.0,"London, UK"
679,5,679,Public services,43400,1976,3.0,"London, UK"
680,5,680,Public services,9849,1976,2.0,"London, UK"
681,5,681,Public services,41861,1919,3.0,"London, UK"
682,5,682,Entertainment/public assembly,64153,,5.0,"London, UK"
683,5,683,Office,4650,1976,2.0,"London, UK"
684,5,684,Office,152471,1919,3.0,"London, UK"
685,5,685,Office,270034,1976,5.0,"London, UK"
686,5,686,Office,12206,1976,2.0,"London, UK"
687,5,687,Office,36221,1976,4.0,"London, UK"
688,5,688,Office,52302,1966,2.0,"London, UK"
689,5,689,Office,11442,1976,1.0,"London, UK"
690,5,690,Office,19429,1945,2.0,"London, UK"
691,5,691,Office,42647,1976,1.0,"London, UK"
692,5,692,Office,7416,1976,2.0,"London, UK"
693,5,693,Office,57436,1976,3.0,"London, UK"
694,5,694,Education,30613,1976,4.0,"London, UK"
695,5,695,Education,121062,1976,3.0,"London, UK"
696,5,696,Education,19041,1976,2.0,"London, UK"
697,5,697,Education,18697,1919,2.0,"London, UK"
698,5,698,Education,13939,1976,1.0,"London, UK"
699,5,699,Education,93764,1945,3.0,"London, UK"
700,5,700,Education,11464,1976,1.0,"London, UK"
701,5,701,Education,128682,1966,4.0,"London, UK"
702,5,702,Education,24251,1966,2.0,"London, UK"
703,5,703,Education,34563,1966,1.0,"London, UK"
704,5,704,Education,17050,1966,1.0,"London, UK"
705,5,705,Education,23605,1976,1.0,"London, UK"
706,5,706,Education,27685,1919,2.0,"London, UK"
707,5,707,Education,11270,1976,1.0,"London, UK"
708,5,708,Education,102429,1945,4.0,"London, UK"
709,5,709,Education,23067,1976,2.0,"London, UK"
710,5,710,Education,12088,1919,4.0,"London, UK"
711,5,711,Education,15414,1976,1.0,"London, UK"
712,5,712,Education,22949,1976,1.0,"London, UK"
713,5,713,Education,14973,1976,2.0,"London, UK"
714,5,714,Education,8730,1976,1.0,"London, UK"
715,5,715,Education,23153,1976,2.0,"London, UK"
716,5,716,Education,37265,1919,3.0,"London, UK"
717,5,717,Education,28826,1976,2.0,"London, UK"
718,5,718,Education,25866,1919,2.0,"London, UK"
719,5,719,Education,28363,1919,2.0,"London, UK"
720,5,720,Education,18202,1919,2.0,"London, UK"
721,5,721,Education,121471,1966,3.0,"London, UK"
722,5,722,Education,31635,1966,3.0,"London, UK"
723,5,723,Education,160038,1966,4.0,"London, UK"
724,5,724,Education,88856,1976,2.0,"London, UK"
725,5,725,Education,13789,1919,1.0,"London, UK"
726,5,726,Education,120566,1945,2.0,"London, UK"
727,5,727,Education,139113,1976,3.0,"London, UK"
728,5,728,Education,30300,1966,2.0,"London, UK"
729,5,729,Education,17190,1919,2.0,"London, UK"
730,5,730,Education,126045,1966,4.0,"London, UK"
731,5,731,Education,29149,1919,2.0,"London, UK"
732,5,732,Education,66187,1976,1.0,"London, UK"
733,5,733,Education,96929,1966,3.0,"London, UK"
734,5,734,Education,28191,1919,1.0,"London, UK"
735,5,735,Education,155807,2013,2.0,"London, UK"
736,5,736,Education,94658,1976,3.0,"London, UK"
737,5,737,Education,14790,1976,1.0,"London, UK"
738,5,738,Education,95433,1966,4.0,"London, UK"
739,5,739,Education,137046,1966,2.0,"London, UK"
740,5,740,Education,37975,1976,1.0,"London, UK"
741,5,741,Education,14025,1966,1.0,"London, UK"
742,5,742,Entertainment/public assembly,31829,1976,2.0,"London, UK"
743,5,743,Entertainment/public assembly,12185,1976,2.0,"London, UK"
744,5,744,Entertainment/public assembly,48642,1919,5.0,"London, UK"
745,6,745,Education,13512,,,"Philadelphia, PA"
746,6,746,Office,17879,,,"Philadelphia, PA"
747,6,747,Education,30531,,,"Philadelphia, PA"
748,6,748,Office,32766,,,"Philadelphia, PA"
749,6,749,Lodging/residential,35936,,,"Philadelphia, PA"
750,6,750,Education,35990,,,"Philadelphia, PA"
751,6,751,Office,37485,,,"Philadelphia, PA"
752,6,752,Public services,38671,,,"Philadelphia, PA"
753,6,753,Education,39558,,,"Philadelphia, PA"
754,6,754,Office,41337,,,"Philadelphia, PA"
755,6,755,Office,42129,,,"Philadelphia, PA"
756,6,756,Lodging/residential,44352,,,"Philadelphia, PA"
757,6,757,Education,46813,,,"Philadelphia, PA"
758,6,758,Lodging/residential,47007,,,"Philadelphia, PA"
759,6,759,Lodging/residential,48519,,,"Philadelphia, PA"
760,6,760,Office,49990,,,"Philadelphia, PA"
761,6,761,Entertainment/public assembly,52534,,,"Philadelphia, PA"
762,6,762,Education,53651,,,"Philadelphia, PA"
763,6,763,Office,54597,,,"Philadelphia, PA"
764,6,764,Education,58307,,,"Philadelphia, PA"
765,6,765,Entertainment/public assembly,58562,,,"Philadelphia, PA"
766,6,766,Office,64818,,,"Philadelphia, PA"
767,6,767,Office,70042,,,"Philadelphia, PA"
768,6,768,Education,75929,,,"Philadelphia, PA"
769,6,769,Education,77263,,,"Philadelphia, PA"
770,6,770,Education,80325,,,"Philadelphia, PA"
771,6,771,Lodging/residential,82911,,,"Philadelphia, PA"
772,6,772,Lodging/residential,87661,,,"Philadelphia, PA"
773,6,773,Lodging/residential,93313,,,"Philadelphia, PA"
774,6,774,Lodging/residential,93500,,,"Philadelphia, PA"
775,6,775,Office,104355,,,"Philadelphia, PA"
776,6,776,Office,104667,,,"Philadelphia, PA"
777,6,777,Lodging/residential,105791,,,"Philadelphia, PA"
778,6,778,Entertainment/public assembly,108339,,,"Philadelphia, PA"
779,6,779,Lodging/residential,113000,,,"Philadelphia, PA"
780,6,780,Education,120836,,,"Philadelphia, PA"
781,6,781,Lodging/residential,128044,,,"Philadelphia, PA"
782,6,782,Education,129344,,,"Philadelphia, PA"
783,6,783,Entertainment/public assembly,143110,,,"Philadelphia, PA"
784,6,784,Education,190817,,,"Philadelphia, PA"
785,6,785,Education,250000,,,"Philadelphia, PA"
786,6,786,Education,257000,,,"Philadelphia, PA"
787,6,787,Lodging/residential,278795,,,"Philadelphia, PA"
788,6,788,Public services,401753,,,"Philadelphia, PA"
789,7,789,Education,64583,1923,1.0,"Montreal/Ottawa, Canada (site 1)"
790,7,790,Education,86111,1911,8.0,"Montreal/Ottawa, Canada (site 1)"
791,7,791,Education,150695,,5.0,"Montreal/Ottawa, Canada (site 1)"
792,7,792,Education,333681,1938,3.0,"Montreal/Ottawa, Canada (site 1)"
793,7,793,Education,150695,1964,6.0,"Montreal/Ottawa, Canada (site 1)"
794,7,794,Education,731945,1969,11.0,"Montreal/Ottawa, Canada (site 1)"
795,7,795,Education,387500,1960,6.0,"Montreal/Ottawa, Canada (site 1)"
796,7,796,Education,226042,1965,2.0,"Montreal/Ottawa, Canada (site 1)"
797,7,797,Education,764237,1979,13.0,"Montreal/Ottawa, Canada (site 1)"
798,7,798,Education,409028,1970,21.0,"Montreal/Ottawa, Canada (site 1)"
799,7,799,Education,527431,1976,26.0,"Montreal/Ottawa, Canada (site 1)"
800,7,800,Education,64583,1955,2.0,"Montreal/Ottawa, Canada (site 1)"
801,7,801,Education,484376,1952,5.0,"Montreal/Ottawa, Canada (site 1)"
802,7,802,Education,290625,1995,19.0,"Montreal/Ottawa, Canada (site 1)"
803,7,803,Education,182986,1962,3.0,"Montreal/Ottawa, Canada (site 1)"
804,8,804,Office,175618,,1.0,"Orlando, FL"
805,8,805,Entertainment/public assembly,3200,,1.0,"Orlando, FL"
806,8,806,Other,28693,,2.0,"Orlando, FL"
807,8,807,Entertainment/public assembly,3000,,1.0,"Orlando, FL"
808,8,808,Other,9357,,1.0,"Orlando, FL"
809,8,809,Entertainment/public assembly,520,,1.0,"Orlando, FL"
810,8,810,Entertainment/public assembly,3729,,1.0,"Orlando, FL"
811,8,811,Public services,4848,,1.0,"Orlando, FL"
812,8,812,Entertainment/public assembly,9894,,1.0,"Orlando, FL"
813,8,813,Public services,5630,,1.0,"Orlando, FL"
814,8,814,Public services,4371,,1.0,"Orlando, FL"
815,8,815,Entertainment/public assembly,666,,1.0,"Orlando, FL"
816,8,816,Entertainment/public assembly,356,,1.0,"Orlando, FL"
817,8,817,Entertainment/public assembly,984,,1.0,"Orlando, FL"
818,8,818,Public services,3648,,1.0,"Orlando, FL"
819,8,819,Public services,6351,,1.0,"Orlando, FL"
820,8,820,Entertainment/public assembly,648,,1.0,"Orlando, FL"
821,8,821,Other,2555,,1.0,"Orlando, FL"
822,8,822,Entertainment/public assembly,366,,1.0,"Orlando, FL"
823,8,823,Public services,35253,,1.0,"Orlando, FL"
824,8,824,Public services,7820,,1.0,"Orlando, FL"
825,8,825,Public services,3592,,1.0,"Orlando, FL"
826,8,826,Public services,19446,,1.0,"Orlando, FL"
827,8,827,Office,5839,,1.0,"Orlando, FL"
828,8,828,Other,102994,,1.0,"Orlando, FL"
829,8,829,Warehouse/storage,15879,,1.0,"Orlando, FL"
830,8,830,Warehouse/storage,15120,,1.0,"Orlando, FL"
831,8,831,Entertainment/public assembly,4065,,1.0,"Orlando, FL"
832,8,832,Public services,26507,,1.0,"Orlando, FL"
833,8,833,Public services,6392,,1.0,"Orlando, FL"
834,8,834,Public services,4934,,1.0,"Orlando, FL"
835,8,835,Entertainment/public assembly,17220,,1.0,"Orlando, FL"
836,8,836,Public services,8168,,1.0,"Orlando, FL"
837,8,837,Public services,33246,,1.0,"Orlando, FL"
838,8,838,Public services,18414,,1.0,"Orlando, FL"
839,8,839,Office,14150,,1.0,"Orlando, FL"
840,8,840,Other,41861,,1.0,"Orlando, FL"
841,8,841,Office,5680,,1.0,"Orlando, FL"
842,8,842,Public services,7292,,1.0,"Orlando, FL"
843,8,843,Entertainment/public assembly,5380,,1.0,"Orlando, FL"
844,8,844,Entertainment/public assembly,6944,,1.0,"Orlando, FL"
845,8,845,Entertainment/public assembly,860,,1.0,"Orlando, FL"
846,8,846,Entertainment/public assembly,481,,1.0,"Orlando, FL"
847,8,847,Entertainment/public assembly,9303,,1.0,"Orlando, FL"
848,8,848,Office,8552,,1.0,"Orlando, FL"
849,8,849,Public services,6448,,1.0,"Orlando, FL"
850,8,850,Public services,28590,,1.0,"Orlando, FL"
851,8,851,Public services,16682,,1.0,"Orlando, FL"
852,8,852,Public services,10800,,1.0,"Orlando, FL"
853,8,853,Entertainment/public assembly,26495,,1.0,"Orlando, FL"
854,8,854,Entertainment/public assembly,92288,,1.0,"Orlando, FL"
855,8,855,Office,48300,,1.0,"Orlando, FL"
856,8,856,Entertainment/public assembly,2956,,1.0,"Orlando, FL"
857,8,857,Entertainment/public assembly,4000,,1.0,"Orlando, FL"
858,8,858,Other,1566,,1.0,"Orlando, FL"
859,8,859,Public services,4000,,1.0,"Orlando, FL"
860,8,860,Other,12259,,1.0,"Orlando, FL"
861,8,861,Other,4276,,1.0,"Orlando, FL"
862,8,862,Other,27640,,1.0,"Orlando, FL"
863,8,863,Public services,19823,,1.0,"Orlando, FL"
864,8,864,Public services,16584,,1.0,"Orlando, FL"
865,8,865,Public services,10174,,1.0,"Orlando, FL"
866,8,866,Public services,10174,,1.0,"Orlando, FL"
867,8,867,Public services,65913,,1.0,"Orlando, FL"
868,8,868,Public services,60000,,1.0,"Orlando, FL"
869,8,869,Entertainment/public assembly,875000,,1.0,"Orlando, FL"
870,8,870,Entertainment/public assembly,755,,1.0,"Orlando, FL"
871,8,871,Entertainment/public assembly,1536,,1.0,"Orlando, FL"
872,8,872,Public services,3627,,1.0,"Orlando, FL"
873,8,873,Office,40142,,1.0,"Orlando, FL"
874,9,874,Office,181805,,,"University of Texas at Austin, Texas"
875,9,875,Lodging/residential,177708,,,"University of Texas at Austin, Texas"
876,9,876,Education,55240,,,"University of Texas at Austin, Texas"
877,9,877,Office,8004,,,"University of Texas at Austin, Texas"
878,9,878,Lodging/residential,41241,,,"University of Texas at Austin, Texas"
879,9,879,Education,110235,,,"University of Texas at Austin, Texas"
880,9,880,Education,157723,,,"University of Texas at Austin, Texas"
881,9,881,Entertainment/public assembly,344798,,,"University of Texas at Austin, Texas"
882,9,882,Education,39143,,,"University of Texas at Austin, Texas"
883,9,883,Education,399331,,,"University of Texas at Austin, Texas"
884,9,884,Education,38598,,,"University of Texas at Austin, Texas"
885,9,885,Lodging/residential,40697,,,"University of Texas at Austin, Texas"
886,9,886,Education,69799,,,"University of Texas at Austin, Texas"
887,9,887,Lodging/residential,69754,,,"University of Texas at Austin, Texas"
888,9,888,Entertainment/public assembly,137522,,,"University of Texas at Austin, Texas"
889,9,889,Education,126077,,,"University of Texas at Austin, Texas"
890,9,890,Education,202937,,,"University of Texas at Austin, Texas"
891,9,891,Education,50846,,,"University of Texas at Austin, Texas"
892,9,892,Services,481999,,,"University of Texas at Austin, Texas"
893,9,893,Education,47191,,,"University of Texas at Austin, Texas"
894,9,894,Education,101555,,,"University of Texas at Austin, Texas"
895,9,895,Education,55087,,,"University of Texas at Austin, Texas"
896,9,896,Education,245637,,,"University of Texas at Austin, Texas"
897,9,897,Education,37775,,,"University of Texas at Austin, Texas"
898,9,898,Public services,64749,,,"University of Texas at Austin, Texas"
899,9,899,Education,225014,,,"University of Texas at Austin, Texas"
900,9,900,Education,111623,,,"University of Texas at Austin, Texas"
901,9,901,Education,107730,,,"University of Texas at Austin, Texas"
902,9,902,Education,14561,,,"University of Texas at Austin, Texas"
903,9,903,Education,275793,,,"University of Texas at Austin, Texas"
904,9,904,Education,29961,,,"University of Texas at Austin, Texas"
905,9,905,Lodging/residential,39648,,,"University of Texas at Austin, Texas"
906,9,906,Lodging/residential,39649,,,"University of Texas at Austin, Texas"
907,9,907,Entertainment/public assembly,44564,,,"University of Texas at Austin, Texas"
908,9,908,Education,91254,,,"University of Texas at Austin, Texas"
909,9,909,Entertainment/public assembly,66121,,,"University of Texas at Austin, Texas"
910,9,910,Office,60096,,,"University of Texas at Austin, Texas"
911,9,911,Education,239638,,,"University of Texas at Austin, Texas"
912,9,912,Education,52559,,,"University of Texas at Austin, Texas"
913,9,913,Entertainment/public assembly,503634,,,"University of Texas at Austin, Texas"
914,9,914,Education,229973,,,"University of Texas at Austin, Texas"
915,9,915,Education,205141,,,"University of Texas at Austin, Texas"
916,9,916,Education,51778,,,"University of Texas at Austin, Texas"
917,9,917,Education,237702,,,"University of Texas at Austin, Texas"
918,9,918,Education,60621,,,"University of Texas at Austin, Texas"
919,9,919,Education,31233,,,"University of Texas at Austin, Texas"
920,9,920,Education,85623,,,"University of Texas at Austin, Texas"
921,9,921,Entertainment/public assembly,262162,,,"University of Texas at Austin, Texas"
922,9,922,Education,147205,,,"University of Texas at Austin, Texas"
923,9,923,Education,24992,,,"University of Texas at Austin, Texas"
924,9,924,Entertainment/public assembly,252268,,,"University of Texas at Austin, Texas"
925,9,925,Education,54405,,,"University of Texas at Austin, Texas"
926,9,926,Education,26033,,,"University of Texas at Austin, Texas"
927,9,927,Lodging/residential,745671,,,"University of Texas at Austin, Texas"
928,9,928,Education,179115,,,"University of Texas at Austin, Texas"
929,9,929,Education,199628,,,"University of Texas at Austin, Texas"
930,9,930,Office,20917,,,"University of Texas at Austin, Texas"
931,9,931,Education,216050,,,"University of Texas at Austin, Texas"
932,9,932,Lodging/residential,233937,,,"University of Texas at Austin, Texas"
933,9,933,Office,8525,,,"University of Texas at Austin, Texas"
934,9,934,Entertainment/public assembly,170607,,,"University of Texas at Austin, Texas"
935,9,935,Office,16135,,,"University of Texas at Austin, Texas"
936,9,936,Lodging/residential,11350,,,"University of Texas at Austin, Texas"
937,9,937,Lodging/residential,10346,,,"University of Texas at Austin, Texas"
938,9,938,Lodging/residential,11227,,,"University of Texas at Austin, Texas"
939,9,939,Lodging/residential,8051,,,"University of Texas at Austin, Texas"
940,9,940,Lodging/residential,8079,,,"University of Texas at Austin, Texas"
941,9,941,Lodging/residential,8079,,,"University of Texas at Austin, Texas"
942,9,942,Lodging/residential,57334,,,"University of Texas at Austin, Texas"
943,9,943,Entertainment/public assembly,5682,,,"University of Texas at Austin, Texas"
944,9,944,Services,389641,,,"University of Texas at Austin, Texas"
945,9,945,Office,332447,,,"University of Texas at Austin, Texas"
946,9,946,Education,177216,,,"University of Texas at Austin, Texas"
947,9,947,Education,91629,,,"University of Texas at Austin, Texas"
948,9,948,Entertainment/public assembly,20372,,,"University of Texas at Austin, Texas"
949,9,949,Lodging/residential,86786,,,"University of Texas at Austin, Texas"
950,9,950,Entertainment/public assembly,16052,,,"University of Texas at Austin, Texas"
951,9,951,Office,103924,,,"University of Texas at Austin, Texas"
952,9,952,Education,218024,,,"University of Texas at Austin, Texas"
953,9,953,Entertainment/public assembly,563782,,,"University of Texas at Austin, Texas"
954,9,954,Education,305224,,,"University of Texas at Austin, Texas"
955,9,955,Education,198488,,,"University of Texas at Austin, Texas"
956,9,956,Office,86167,,,"University of Texas at Austin, Texas"
957,9,957,Education,111195,,,"University of Texas at Austin, Texas"
958,9,958,Entertainment/public assembly,234819,,,"University of Texas at Austin, Texas"
959,9,959,Education,128536,,,"University of Texas at Austin, Texas"
960,9,960,Education,56137,,,"University of Texas at Austin, Texas"
961,9,961,Education,155882,,,"University of Texas at Austin, Texas"
962,9,962,Public services,492898,,,"University of Texas at Austin, Texas"
963,9,963,Lodging/residential,44784,,,"University of Texas at Austin, Texas"
964,9,964,Education,130577,,,"University of Texas at Austin, Texas"
965,9,965,Lodging/residential,45086,,,"University of Texas at Austin, Texas"
966,9,966,Education,393530,,,"University of Texas at Austin, Texas"
967,9,967,Entertainment/public assembly,119262,,,"University of Texas at Austin, Texas"
968,9,968,Education,153999,,,"University of Texas at Austin, Texas"
969,9,969,Education,193723,,,"University of Texas at Austin, Texas"
970,9,970,Services,346056,,,"University of Texas at Austin, Texas"
971,9,971,Lodging/residential,301307,,,"University of Texas at Austin, Texas"
972,9,972,Education,282152,,,"University of Texas at Austin, Texas"
973,9,973,Office,193960,,,"University of Texas at Austin, Texas"
974,9,974,Education,186572,,,"University of Texas at Austin, Texas"
975,9,975,Entertainment/public assembly,426472,,,"University of Texas at Austin, Texas"
976,9,976,Education,59498,,,"University of Texas at Austin, Texas"
977,9,977,Office,8837,,,"University of Texas at Austin, Texas"
978,9,978,Education,258491,,,"University of Texas at Austin, Texas"
979,9,979,Entertainment/public assembly,52357,,,"University of Texas at Austin, Texas"
980,9,980,Entertainment/public assembly,34819,,,"University of Texas at Austin, Texas"
981,9,981,Education,167055,,,"University of Texas at Austin, Texas"
982,9,982,Services,373416,,,"University of Texas at Austin, Texas"
983,9,983,Entertainment/public assembly,122122,,,"University of Texas at Austin, Texas"
984,9,984,Services,214252,,,"University of Texas at Austin, Texas"
985,9,985,Office,34758,,,"University of Texas at Austin, Texas"
986,9,986,Office,34072,,,"University of Texas at Austin, Texas"
987,9,987,Education,166395,,,"University of Texas at Austin, Texas"
988,9,988,Office,24463,,,"University of Texas at Austin, Texas"
989,9,989,Education,168696,,,"University of Texas at Austin, Texas"
990,9,990,Office,82939,,,"University of Texas at Austin, Texas"
991,9,991,Education,57811,,,"University of Texas at Austin, Texas"
992,9,992,Office,51483,,,"University of Texas at Austin, Texas"
993,9,993,Education,428647,,,"University of Texas at Austin, Texas"
994,9,994,Education,108392,,,"University of Texas at Austin, Texas"
995,9,995,Education,46230,,,"University of Texas at Austin, Texas"
996,9,996,Education,77632,,,"University of Texas at Austin, Texas"
997,9,997,Office,38173,,,"University of Texas at Austin, Texas"
998,10,998,Education,173479,,1.0,"Weber State University, Ogden, Utah"
999,10,999,Education,113580,,2.0,"Weber State University, Ogden, Utah"
1000,10,1000,Education,121146,,2.0,"Weber State University, Ogden, Utah"
1001,10,1001,Other,4482,,1.0,"Weber State University, Ogden, Utah"
1002,10,1002,Entertainment/public assembly,161969,,1.0,"Weber State University, Ogden, Utah"
1003,10,1003,Education,94751,,3.0,"Weber State University, Ogden, Utah"
1004,10,1004,Education,74886,,2.0,"Weber State University, Ogden, Utah"
1005,10,1005,Office,26325,,1.0,"Weber State University, Ogden, Utah"
1006,10,1006,Office,26948,,1.0,"Weber State University, Ogden, Utah"
1007,10,1007,Office,41933,,2.0,"Weber State University, Ogden, Utah"
1008,10,1008,Education,74420,,2.0,"Weber State University, Ogden, Utah"
1009,10,1009,Education,21892,,2.0,"Weber State University, Ogden, Utah"
1010,10,1010,Office,11419,,1.0,"Weber State University, Ogden, Utah"
1011,10,1011,Education,65144,,4.0,"Weber State University, Ogden, Utah"
1012,10,1012,Education,23112,,2.0,"Weber State University, Ogden, Utah"
1013,10,1013,Education,67377,,3.0,"Weber State University, Ogden, Utah"
1014,10,1014,Office,43094,,3.0,"Weber State University, Ogden, Utah"
1015,10,1015,Other,4607,,1.0,"Weber State University, Ogden, Utah"
1016,10,1016,Other,10103,,1.0,"Weber State University, Ogden, Utah"
1017,10,1017,Technology/science,109263,,6.0,"Weber State University, Ogden, Utah"
1018,10,1018,Education,186840,,2.0,"Weber State University, Ogden, Utah"
1019,10,1019,Entertainment/public assembly,39788,,5.0,"Weber State University, Ogden, Utah"
1020,10,1020,Entertainment/public assembly,22101,,2.0,"Weber State University, Ogden, Utah"
1021,10,1021,Entertainment/public assembly,213762,,2.0,"Weber State University, Ogden, Utah"
1022,10,1022,Education,84346,,2.0,"Weber State University, Ogden, Utah"
1023,10,1023,Education,87976,,2.0,"Weber State University, Ogden, Utah"
1024,10,1024,Education,53855,,2.0,"Weber State University, Ogden, Utah"
1025,10,1025,Lodging/residential,52034,,2.0,"Weber State University, Ogden, Utah"
1026,10,1026,Lodging/residential,88480,,1.0,"Weber State University, Ogden, Utah"
1027,10,1027,Lodging/residential,35465,,2.0,"Weber State University, Ogden, Utah"
1028,11,1028,Education,81390,,,"Montreal/Ottawa, Canada (site 2)"
1029,11,1029,Education,152559,,,"Montreal/Ottawa, Canada (site 2)"
1030,11,1030,Education,68030,,,"Montreal/Ottawa, Canada (site 2)"
1031,11,1031,Education,93206,,,"Montreal/Ottawa, Canada (site 2)"
1032,11,1032,Education,127632,,,"Montreal/Ottawa, Canada (site 2)"
1033,12,1033,Education,118489,,,Ireland
1034,12,1034,Retail,3907,,1.0,Ireland
1035,12,1035,Office,14585,,,Ireland
1036,12,1036,Office,54207,,,Ireland
1037,12,1037,Education,8805,,,Ireland
1038,12,1038,Technology/science,9838,,,Ireland
1039,12,1039,Education,30171,,3.0,Ireland
1040,12,1040,Office,126960,,,Ireland
1041,12,1041,Education,8073,,,Ireland
1042,12,1042,Office,29547,,,Ireland
1043,12,1043,Office,27889,,,Ireland
1044,12,1044,Education,150673,,4.0,Ireland
1045,12,1045,Office,33530,,,Ireland
1046,12,1046,Education,201350,,,Ireland
1047,12,1047,Public services,252952,,,Ireland
1048,12,1048,Education,275610,,,Ireland
1049,12,1049,Education,94399,,,Ireland
1050,12,1050,Office,50493,,2.0,Ireland
1051,12,1051,Education,28406,,1.0,Ireland
1052,12,1052,Retail,45305,,2.0,Ireland
1053,12,1053,Office,21582,,,Ireland
1054,12,1054,Education,204998,,4.0,Ireland
1055,12,1055,Education,86714,,4.0,Ireland
1056,12,1056,Education,72958,,,Ireland
1057,12,1057,Education,26372,,4.0,Ireland
1058,12,1058,Education,84346,,,Ireland
1059,12,1059,Entertainment/public assembly,116186,,,Ireland
1060,12,1060,Entertainment/public assembly,71806,,,Ireland
1061,12,1061,Retail,44218,,,Ireland
1062,12,1062,Education,65843,,,Ireland
1063,12,1063,Education,58157,,,Ireland
1064,12,1064,Education,131212,,,Ireland
1065,12,1065,Office,12152,,,Ireland
1066,12,1066,Education,55800,,,Ireland
1067,12,1067,Education,125701,,,Ireland
1068,12,1068,Education,112956,,,Ireland
1069,13,1069,Office,20864,,,"University of Minnesota, Twin Cities, MN"
1070,13,1070,Lodging/residential,230747,,,"University of Minnesota, Twin Cities, MN"
1071,13,1071,Office,10385,,,"University of Minnesota, Twin Cities, MN"
1072,13,1072,Healthcare,305000,,,"University of Minnesota, Twin Cities, MN"
1073,13,1073,Office,194111,,,"University of Minnesota, Twin Cities, MN"
1074,13,1074,Office,89858,,,"University of Minnesota, Twin Cities, MN"
1075,13,1075,Office,72709,,,"University of Minnesota, Twin Cities, MN"
1076,13,1076,Lodging/residential,117054,,,"University of Minnesota, Twin Cities, MN"
1077,13,1077,Entertainment/public assembly,19454,,,"University of Minnesota, Twin Cities, MN"
1078,13,1078,Entertainment/public assembly,80438,,,"University of Minnesota, Twin Cities, MN"
1079,13,1079,Education,14185,,,"University of Minnesota, Twin Cities, MN"
1080,13,1080,Education,207115,,,"University of Minnesota, Twin Cities, MN"
1081,13,1081,Manufacturing/industrial,11470,,,"University of Minnesota, Twin Cities, MN"
1082,13,1082,Office,57394,,,"University of Minnesota, Twin Cities, MN"
1083,13,1083,Education,100813,,,"University of Minnesota, Twin Cities, MN"
1084,13,1084,Office,122922,,,"University of Minnesota, Twin Cities, MN"
1085,13,1085,Education,58377,,,"University of Minnesota, Twin Cities, MN"
1086,13,1086,Office,143973,,,"University of Minnesota, Twin Cities, MN"
1087,13,1087,Office,56569,,,"University of Minnesota, Twin Cities, MN"
1088,13,1088,Education,287594,,,"University of Minnesota, Twin Cities, MN"
1089,13,1089,Office,62837,,,"University of Minnesota, Twin Cities, MN"
1090,13,1090,Office,305047,,,"University of Minnesota, Twin Cities, MN"
1091,13,1091,Lodging/residential,233341,,,"University of Minnesota, Twin Cities, MN"
1092,13,1092,Office,105167,,,"University of Minnesota, Twin Cities, MN"
1093,13,1093,Office,47578,,,"University of Minnesota, Twin Cities, MN"
1094,13,1094,Office,70852,,,"University of Minnesota, Twin Cities, MN"
1095,13,1095,Education,32256,,,"University of Minnesota, Twin Cities, MN"
1096,13,1096,Parking,83772,,,"University of Minnesota, Twin Cities, MN"
1097,13,1097,Office,157545,,,"University of Minnesota, Twin Cities, MN"
1098,13,1098,Office,131745,,,"University of Minnesota, Twin Cities, MN"
1099,13,1099,Education,332884,,,"University of Minnesota, Twin Cities, MN"
1100,13,1100,Lodging/residential,174924,,,"University of Minnesota, Twin Cities, MN"
1101,13,1101,Office,71936,,,"University of Minnesota, Twin Cities, MN"
1102,13,1102,Office,87187,,,"University of Minnesota, Twin Cities, MN"
1103,13,1103,Other,23903,,,"University of Minnesota, Twin Cities, MN"
1104,13,1104,Public services,199722,,,"University of Minnesota, Twin Cities, MN"
1105,13,1105,Food sales and service,33215,,,"University of Minnesota, Twin Cities, MN"
1106,13,1106,Office,92099,,,"University of Minnesota, Twin Cities, MN"
1107,13,1107,Education,184098,,,"University of Minnesota, Twin Cities, MN"
1108,13,1108,Parking,679614,,,"University of Minnesota, Twin Cities, MN"
1109,13,1109,Office,102191,,,"University of Minnesota, Twin Cities, MN"
1110,13,1110,Office,27145,,,"University of Minnesota, Twin Cities, MN"
1111,13,1111,Office,67839,,,"University of Minnesota, Twin Cities, MN"
1112,13,1112,Office,190471,,,"University of Minnesota, Twin Cities, MN"
1113,13,1113,Office,33401,,,"University of Minnesota, Twin Cities, MN"
1114,13,1114,Other,64810,,,"University of Minnesota, Twin Cities, MN"
1115,13,1115,Services,42028,,,"University of Minnesota, Twin Cities, MN"
1116,13,1116,Services,11681,,,"University of Minnesota, Twin Cities, MN"
1117,13,1117,Office,111424,,,"University of Minnesota, Twin Cities, MN"
1118,13,1118,Services,26926,,,"University of Minnesota, Twin Cities, MN"
1119,13,1119,Office,119509,,,"University of Minnesota, Twin Cities, MN"
1120,13,1120,Services,70040,,,"University of Minnesota, Twin Cities, MN"
1121,13,1121,Education,85732,,,"University of Minnesota, Twin Cities, MN"
1122,13,1122,Office,84365,,,"University of Minnesota, Twin Cities, MN"
1123,13,1123,Office,92994,,,"University of Minnesota, Twin Cities, MN"
1124,13,1124,Lodging/residential,153299,,,"University of Minnesota, Twin Cities, MN"
1125,13,1125,Parking,271492,,,"University of Minnesota, Twin Cities, MN"
1126,13,1126,Education,72332,,,"University of Minnesota, Twin Cities, MN"
1127,13,1127,Office,87131,,,"University of Minnesota, Twin Cities, MN"
1128,13,1128,Office,58703,,,"University of Minnesota, Twin Cities, MN"
1129,13,1129,Office,133100,,,"University of Minnesota, Twin Cities, MN"
1130,13,1130,Education,280225,,,"University of Minnesota, Twin Cities, MN"
1131,13,1131,Office,25463,,,"University of Minnesota, Twin Cities, MN"
1132,13,1132,Office,103926,,,"University of Minnesota, Twin Cities, MN"
1133,13,1133,Office,82302,,,"University of Minnesota, Twin Cities, MN"
1134,13,1134,Office,152946,,,"University of Minnesota, Twin Cities, MN"
1135,13,1135,Education,150393,,,"University of Minnesota, Twin Cities, MN"
1136,13,1136,Office,79782,,,"University of Minnesota, Twin Cities, MN"
1137,13,1137,Office,27452,,,"University of Minnesota, Twin Cities, MN"
1138,13,1138,Education,39988,,,"University of Minnesota, Twin Cities, MN"
1139,13,1139,Office,336650,,,"University of Minnesota, Twin Cities, MN"
1140,13,1140,Education,156483,,,"University of Minnesota, Twin Cities, MN"
1141,13,1141,Parking,20986,,,"University of Minnesota, Twin Cities, MN"
1142,13,1142,Office,103718,,,"University of Minnesota, Twin Cities, MN"
1143,13,1143,Office,96612,,,"University of Minnesota, Twin Cities, MN"
1144,13,1144,Office,152312,,,"University of Minnesota, Twin Cities, MN"
1145,13,1145,Manufacturing/industrial,35201,,,"University of Minnesota, Twin Cities, MN"
1146,13,1146,Public services,83155,,,"University of Minnesota, Twin Cities, MN"
1147,13,1147,Entertainment/public assembly,234476,,,"University of Minnesota, Twin Cities, MN"
1148,13,1148,Office,861524,,,"University of Minnesota, Twin Cities, MN"
1149,13,1149,Office,293990,,,"University of Minnesota, Twin Cities, MN"
1150,13,1150,Office,196043,,,"University of Minnesota, Twin Cities, MN"
1151,13,1151,Office,267536,,,"University of Minnesota, Twin Cities, MN"
1152,13,1152,Office,118858,,,"University of Minnesota, Twin Cities, MN"
1153,13,1153,Technology/science,89456,,,"University of Minnesota, Twin Cities, MN"
1154,13,1154,Lodging/residential,262156,,,"University of Minnesota, Twin Cities, MN"
1155,13,1155,Warehouse/storage,19059,,,"University of Minnesota, Twin Cities, MN"
1156,13,1156,Education,259989,,,"University of Minnesota, Twin Cities, MN"
1157,13,1157,Education,37107,,,"University of Minnesota, Twin Cities, MN"
1158,13,1158,Public services,294812,,,"University of Minnesota, Twin Cities, MN"
1159,13,1159,Office,671507,,,"University of Minnesota, Twin Cities, MN"
1160,13,1160,Office,80205,,,"University of Minnesota, Twin Cities, MN"
1161,13,1161,Office,53077,,,"University of Minnesota, Twin Cities, MN"
1162,13,1162,Office,72958,,,"University of Minnesota, Twin Cities, MN"
1163,13,1163,Parking,83919,,,"University of Minnesota, Twin Cities, MN"
1164,13,1164,Office,249457,,,"University of Minnesota, Twin Cities, MN"
1165,13,1165,Office,28991,,,"University of Minnesota, Twin Cities, MN"
1166,13,1166,Office,63771,,,"University of Minnesota, Twin Cities, MN"
1167,13,1167,Office,52748,,,"University of Minnesota, Twin Cities, MN"
1168,13,1168,Office,577101,,,"University of Minnesota, Twin Cities, MN"
1169,13,1169,Education,155439,,,"University of Minnesota, Twin Cities, MN"
1170,13,1170,Office,59476,,,"University of Minnesota, Twin Cities, MN"
1171,13,1171,Manufacturing/industrial,56851,,,"University of Minnesota, Twin Cities, MN"
1172,13,1172,Manufacturing/industrial,63847,,,"University of Minnesota, Twin Cities, MN"
1173,13,1173,Manufacturing/industrial,13091,,,"University of Minnesota, Twin Cities, MN"
1174,13,1174,Other,27648,,,"University of Minnesota, Twin Cities, MN"
1175,13,1175,Manufacturing/industrial,81372,,,"University of Minnesota, Twin Cities, MN"
1176,13,1176,Education,142672,,,"University of Minnesota, Twin Cities, MN"
1177,13,1177,Office,20444,,,"University of Minnesota, Twin Cities, MN"
1178,13,1178,Education,133072,,,"University of Minnesota, Twin Cities, MN"
1179,13,1179,Entertainment/public assembly,143228,,,"University of Minnesota, Twin Cities, MN"
1180,13,1180,Education,95182,,,"University of Minnesota, Twin Cities, MN"
1181,13,1181,Education,60606,,,"University of Minnesota, Twin Cities, MN"
1182,13,1182,Warehouse/storage,66585,,,"University of Minnesota, Twin Cities, MN"
1183,13,1183,Entertainment/public assembly,166856,,,"University of Minnesota, Twin Cities, MN"
1184,13,1184,Lodging/residential,74584,,,"University of Minnesota, Twin Cities, MN"
1185,13,1185,Office,129532,,,"University of Minnesota, Twin Cities, MN"
1186,13,1186,Lodging/residential,157070,,,"University of Minnesota, Twin Cities, MN"
1187,13,1187,Office,121714,,,"University of Minnesota, Twin Cities, MN"
1188,13,1188,Office,37096,,,"University of Minnesota, Twin Cities, MN"
1189,13,1189,Office,98212,,,"University of Minnesota, Twin Cities, MN"
1190,13,1190,Office,39807,,,"University of Minnesota, Twin Cities, MN"
1191,13,1191,Education,192152,,,"University of Minnesota, Twin Cities, MN"
1192,13,1192,Office,43587,,,"University of Minnesota, Twin Cities, MN"
1193,13,1193,Office,106511,,,"University of Minnesota, Twin Cities, MN"
1194,13,1194,Office,35829,,,"University of Minnesota, Twin Cities, MN"
1195,13,1195,Office,16472,,,"University of Minnesota, Twin Cities, MN"
1196,13,1196,Entertainment/public assembly,57201,,,"University of Minnesota, Twin Cities, MN"
1197,13,1197,Services,50552,,,"University of Minnesota, Twin Cities, MN"
1198,13,1198,Education,85164,,,"University of Minnesota, Twin Cities, MN"
1199,13,1199,Warehouse/storage,10559,,,"University of Minnesota, Twin Cities, MN"
1200,13,1200,Entertainment/public assembly,545351,,,"University of Minnesota, Twin Cities, MN"
1201,13,1201,Education,73597,,,"University of Minnesota, Twin Cities, MN"
1202,13,1202,Office,16805,,,"University of Minnesota, Twin Cities, MN"
1203,13,1203,Lodging/residential,138602,,,"University of Minnesota, Twin Cities, MN"
1204,13,1204,Office,38382,,,"University of Minnesota, Twin Cities, MN"
1205,13,1205,Parking,178270,,,"University of Minnesota, Twin Cities, MN"
1206,13,1206,Office,99946,,,"University of Minnesota, Twin Cities, MN"
1207,13,1207,Healthcare,74443,,,"University of Minnesota, Twin Cities, MN"
1208,13,1208,Healthcare,121585,,,"University of Minnesota, Twin Cities, MN"
1209,13,1209,Healthcare,115788,,,"University of Minnesota, Twin Cities, MN"
1210,13,1210,Office,92500,,,"University of Minnesota, Twin Cities, MN"
1211,13,1211,Office,94988,,,"University of Minnesota, Twin Cities, MN"
1212,13,1212,Public services,237518,,,"University of Minnesota, Twin Cities, MN"
1213,13,1213,Warehouse/storage,39464,,,"University of Minnesota, Twin Cities, MN"
1214,13,1214,Office,195437,,,"University of Minnesota, Twin Cities, MN"
1215,13,1215,Parking,100328,,,"University of Minnesota, Twin Cities, MN"
1216,13,1216,Office,15269,,,"University of Minnesota, Twin Cities, MN"
1217,13,1217,Education,73044,,,"University of Minnesota, Twin Cities, MN"
1218,13,1218,Entertainment/public assembly,268480,,,"University of Minnesota, Twin Cities, MN"
1219,13,1219,Office,91316,,,"University of Minnesota, Twin Cities, MN"
1220,13,1220,Public services,381221,,,"University of Minnesota, Twin Cities, MN"
1221,13,1221,Office,29062,,,"University of Minnesota, Twin Cities, MN"
1222,13,1222,Lodging/residential,187174,,,"University of Minnesota, Twin Cities, MN"
1223,14,1223,Office,52141,,,"Charlottesville, VA"
1224,14,1224,Office,23481,,,"Charlottesville, VA"
1225,14,1225,Office,122746,,,"Charlottesville, VA"
1226,14,1226,Education,27995,,,"Charlottesville, VA"
1227,14,1227,Education,76903,,,"Charlottesville, VA"
1228,14,1228,Office,162549,,,"Charlottesville, VA"
1229,14,1229,Office,27646,,,"Charlottesville, VA"
1230,14,1230,Office,22524,,,"Charlottesville, VA"
1231,14,1231,Education,13220,,,"Charlottesville, VA"
1232,14,1232,Education,181328,,,"Charlottesville, VA"
1233,14,1233,Education,43143,,,"Charlottesville, VA"
1234,14,1234,Education,46037,,,"Charlottesville, VA"
1235,14,1235,Public services,278369,,,"Charlottesville, VA"
1236,14,1236,Office,61756,,,"Charlottesville, VA"
1237,14,1237,Office,42755,,,"Charlottesville, VA"
1238,14,1238,Office,129707,,,"Charlottesville, VA"
1239,14,1239,Office,31300,,,"Charlottesville, VA"
1240,14,1240,Public services,73277,,,"Charlottesville, VA"
1241,14,1241,Healthcare,194188,,,"Charlottesville, VA"
1242,14,1242,Office,23871,,,"Charlottesville, VA"
1243,14,1243,Healthcare,237704,,,"Charlottesville, VA"
1244,14,1244,Public services,95526,,,"Charlottesville, VA"
1245,14,1245,Healthcare,35354,,,"Charlottesville, VA"
1246,14,1246,Office,50327,,,"Charlottesville, VA"
1247,14,1247,Food sales and service,69876,,,"Charlottesville, VA"
1248,14,1248,Office,78002,,,"Charlottesville, VA"
1249,14,1249,Office,159384,,,"Charlottesville, VA"
1250,14,1250,Education,232139,,,"Charlottesville, VA"
1251,14,1251,Education,104604,,,"Charlottesville, VA"
1252,14,1252,Education,116249,,,"Charlottesville, VA"
1253,14,1253,Education,134748,,,"Charlottesville, VA"
1254,14,1254,Education,24979,,,"Charlottesville, VA"
1255,14,1255,Office,23702,,,"Charlottesville, VA"
1256,14,1256,Office,37917,,,"Charlottesville, VA"
1257,14,1257,Office,61274,,,"Charlottesville, VA"
1258,14,1258,Education,273234,,,"Charlottesville, VA"
1259,14,1259,Education,71088,,,"Charlottesville, VA"
1260,14,1260,Office,86455,,,"Charlottesville, VA"
1261,14,1261,Office,42942,,,"Charlottesville, VA"
1262,14,1262,Office,65000,,,"Charlottesville, VA"
1263,14,1263,Education,97838,,,"Charlottesville, VA"
1264,14,1264,Education,33012,,,"Charlottesville, VA"
1265,14,1265,Food sales and service,35605,,,"Charlottesville, VA"
1266,14,1266,Public services,13469,,,"Charlottesville, VA"
1267,14,1267,Education,138977,,,"Charlottesville, VA"
1268,14,1268,Office,43007,,,"Charlottesville, VA"
1269,14,1269,Healthcare,56388,,,"Charlottesville, VA"
1270,14,1270,Entertainment/public assembly,18551,,,"Charlottesville, VA"
1271,14,1271,Public services,20540,,,"Charlottesville, VA"
1272,14,1272,Public services,247471,,,"Charlottesville, VA"
1273,14,1273,Office,104089,,,"Charlottesville, VA"
1274,14,1274,Office,17077,,,"Charlottesville, VA"
1275,14,1275,Office,114166,,,"Charlottesville, VA"
1276,14,1276,Office,53860,,,"Charlottesville, VA"
1277,14,1277,Office,45240,,,"Charlottesville, VA"
1278,14,1278,Education,79949,,,"Charlottesville, VA"
1279,14,1279,Office,64743,,,"Charlottesville, VA"
1280,14,1280,Lodging/residential,79900,,,"Charlottesville, VA"
1281,14,1281,Office,103138,,,"Charlottesville, VA"
1282,14,1282,Healthcare,12500,,,"Charlottesville, VA"
1283,14,1283,Public services,76537,,,"Charlottesville, VA"
1284,14,1284,Education,442438,,,"Charlottesville, VA"
1285,14,1285,Healthcare,130067,,,"Charlottesville, VA"
1286,14,1286,Healthcare,205472,,,"Charlottesville, VA"
1287,14,1287,Education,60582,,,"Charlottesville, VA"
1288,14,1288,Education,164206,,,"Charlottesville, VA"
1289,14,1289,Education,194441,,,"Charlottesville, VA"
1290,14,1290,Education,200442,,,"Charlottesville, VA"
1291,14,1291,Office,237546,,,"Charlottesville, VA"
1292,14,1292,Office,58196,,,"Charlottesville, VA"
1293,14,1293,Office,51471,,,"Charlottesville, VA"
1294,14,1294,Office,15649,,,"Charlottesville, VA"
1295,14,1295,Office,115676,,,"Charlottesville, VA"
1296,14,1296,Office,8836,,,"Charlottesville, VA"
1297,14,1297,Office,21469,,,"Charlottesville, VA"
1298,14,1298,Education,171084,,,"Charlottesville, VA"
1299,14,1299,Education,25401,,,"Charlottesville, VA"
1300,14,1300,Healthcare,25609,,,"Charlottesville, VA"
1301,14,1301,Education,62242,,,"Charlottesville, VA"
1302,14,1302,Office,90411,,,"Charlottesville, VA"
1303,14,1303,Healthcare,200000,,,"Charlottesville, VA"
1304,14,1304,Office,91363,,,"Charlottesville, VA"
1305,14,1305,Lodging/residential,37803,,,"Charlottesville, VA"
1306,14,1306,Lodging/residential,54172,,,"Charlottesville, VA"
1307,14,1307,Lodging/residential,66013,,,"Charlottesville, VA"
1308,14,1308,Lodging/residential,62279,,,"Charlottesville, VA"
1309,14,1309,Lodging/residential,58041,,,"Charlottesville, VA"
1310,14,1310,Lodging/residential,57274,,,"Charlottesville, VA"
1311,14,1311,Lodging/residential,66794,,,"Charlottesville, VA"
1312,14,1312,Lodging/residential,75000,,,"Charlottesville, VA"
1313,14,1313,Healthcare,68637,,,"Charlottesville, VA"
1314,14,1314,Education,73813,,,"Charlottesville, VA"
1315,14,1315,Entertainment/public assembly,82789,,,"Charlottesville, VA"
1316,14,1316,Entertainment/public assembly,49975,,,"Charlottesville, VA"
1317,14,1317,Entertainment/public assembly,180806,,,"Charlottesville, VA"
1318,14,1318,Entertainment/public assembly,73488,,,"Charlottesville, VA"
1319,14,1319,Entertainment/public assembly,287419,,,"Charlottesville, VA"
1320,14,1320,Entertainment/public assembly,34565,,,"Charlottesville, VA"
1321,14,1321,Entertainment/public assembly,370024,,,"Charlottesville, VA"
1322,14,1322,Entertainment/public assembly,166489,,,"Charlottesville, VA"
1323,14,1323,Office,87200,,,"Charlottesville, VA"
1324,14,1324,Entertainment/public assembly,84688,,,"Charlottesville, VA"
1325,15,1325,Entertainment/public assembly,155177,1915,,"Cornell University, Ithaca, New York"
1326,15,1326,Office,46981,1962,,"Cornell University, Ithaca, New York"
1327,15,1327,Education,98125,2011,,"Cornell University, Ithaca, New York"
1328,15,1328,Education,279840,2008,,"Cornell University, Ithaca, New York"
1329,15,1329,Technology/science,60100,1912,,"Cornell University, Ithaca, New York"
1330,15,1330,Education,173983,1986,,"Cornell University, Ithaca, New York"
1331,15,1331,Education,171008,1930,,"Cornell University, Ithaca, New York"
1332,15,1332,Education,47398,1912,,"Cornell University, Ithaca, New York"
1333,15,1333,Office,31316,1913,,"Cornell University, Ithaca, New York"
1334,15,1334,Office,130794,1933,,"Cornell University, Ithaca, New York"
1335,15,1335,Public services,136817,1953,,"Cornell University, Ithaca, New York"
1336,15,1336,Office,31053,1915,,"Cornell University, Ithaca, New York"
1337,15,1337,Office,14744,1910,,"Cornell University, Ithaca, New York"
1338,15,1338,Education,31415,1912,,"Cornell University, Ithaca, New York"
1339,15,1339,Education,140488,1961,,"Cornell University, Ithaca, New York"
1340,15,1340,Manufacturing/industrial,111518,1968,,"Cornell University, Ithaca, New York"
1341,15,1341,Education,18342,1960,,"Cornell University, Ithaca, New York"
1342,15,1342,Education,116854,1978,,"Cornell University, Ithaca, New York"
1343,15,1343,Office,110380,1985,,"Cornell University, Ithaca, New York"
1344,15,1344,Education,125507,1974,,"Cornell University, Ithaca, New York"
1345,15,1345,Education,20889,1976,,"Cornell University, Ithaca, New York"
1346,15,1346,Education,34875,1993,,"Cornell University, Ithaca, New York"
1347,15,1347,Education,322341,1995,,"Cornell University, Ithaca, New York"
1348,15,1348,Education,131271,2010,,"Cornell University, Ithaca, New York"
1349,15,1349,Manufacturing/industrial,7919,1970,,"Cornell University, Ithaca, New York"
1350,15,1350,Education,149762,2004,,"Cornell University, Ithaca, New York"
1351,15,1351,Office,40611,,,"Cornell University, Ithaca, New York"
1352,15,1352,Office,42755,,,"Cornell University, Ithaca, New York"
1353,15,1353,Religious worship,22201,,,"Cornell University, Ithaca, New York"
1354,15,1354,Education,23232,,,"Cornell University, Ithaca, New York"
1355,15,1355,Education,50567,,,"Cornell University, Ithaca, New York"
1356,15,1356,Education,91253,,,"Cornell University, Ithaca, New York"
1357,15,1357,Office,21618,,,"Cornell University, Ithaca, New York"
1358,15,1358,Lodging/residential,61439,1903,,"Cornell University, Ithaca, New York"
1359,15,1359,Education,124289,1904,,"Cornell University, Ithaca, New York"
1360,15,1360,Entertainment/public assembly,111530,1988,,"Cornell University, Ithaca, New York"
1361,15,1361,Education,233863,1921,,"Cornell University, Ithaca, New York"
1362,15,1362,Education,113988,1923,,"Cornell University, Ithaca, New York"
1363,15,1363,Office,157933,1932,,"Cornell University, Ithaca, New York"
1364,15,1364,Utility,74922,1940,,"Cornell University, Ithaca, New York"
1365,15,1365,Lodging/residential,129664,1941,,"Cornell University, Ithaca, New York"
1366,15,1366,Office,87977,1947,,"Cornell University, Ithaca, New York"
1367,15,1367,Education,33695,1948,,"Cornell University, Ithaca, New York"
1368,15,1368,Entertainment/public assembly,199037,1949,,"Cornell University, Ithaca, New York"
1369,15,1369,Entertainment/public assembly,53194,1953,,"Cornell University, Ithaca, New York"
1370,15,1370,Education,4773,,,"Cornell University, Ithaca, New York"
1371,15,1371,Public services,50577,1956,,"Cornell University, Ithaca, New York"
1372,15,1372,Education,16289,1957,,"Cornell University, Ithaca, New York"
1373,15,1373,Education,105434,2014,,"Cornell University, Ithaca, New York"
1374,15,1374,Office,159662,1956,,"Cornell University, Ithaca, New York"
1375,15,1375,Office,115288,1957,,"Cornell University, Ithaca, New York"
1376,15,1376,Public services,240026,1960,,"Cornell University, Ithaca, New York"
1377,15,1377,Education,74599,1984,,"Cornell University, Ithaca, New York"
1378,15,1378,Education,214505,1990,,"Cornell University, Ithaca, New York"
1379,15,1379,Office,49553,1963,,"Cornell University, Ithaca, New York"
1380,15,1380,Education,204029,2010,,"Cornell University, Ithaca, New York"
1381,15,1381,Office,84615,1963,,"Cornell University, Ithaca, New York"
1382,15,1382,Public services,243072,1965,,"Cornell University, Ithaca, New York"
1383,15,1383,Education,105612,1967,,"Cornell University, Ithaca, New York"
1384,15,1384,Education,56969,1967,,"Cornell University, Ithaca, New York"
1385,15,1385,Education,124521,1967,,"Cornell University, Ithaca, New York"
1386,15,1386,Entertainment/public assembly,82035,1975,,"Cornell University, Ithaca, New York"
1387,15,1387,Office,187041,1973,,"Cornell University, Ithaca, New York"
1388,15,1388,Healthcare,45465,1990,,"Cornell University, Ithaca, New York"
1389,15,1389,Entertainment/public assembly,17104,1953,,"Cornell University, Ithaca, New York"
1390,15,1390,Entertainment/public assembly,93608,1951,,"Cornell University, Ithaca, New York"
1391,15,1391,Entertainment/public assembly,68693,1956,,"Cornell University, Ithaca, New York"
1392,15,1392,Entertainment/public assembly,76153,1963,,"Cornell University, Ithaca, New York"
1393,15,1393,Entertainment/public assembly,151900,1990,,"Cornell University, Ithaca, New York"
1394,15,1394,Entertainment/public assembly,16351,2002,,"Cornell University, Ithaca, New York"
1395,15,1395,Lodging/residential,98624,,,"Cornell University, Ithaca, New York"
1396,15,1396,Lodging/residential,96336,1913,,"Cornell University, Ithaca, New York"
1397,15,1397,Lodging/residential,19984,1914,,"Cornell University, Ithaca, New York"
1398,15,1398,Lodging/residential,20291,1925,,"Cornell University, Ithaca, New York"
1399,15,1399,Lodging/residential,166814,1929,,"Cornell University, Ithaca, New York"
1400,15,1400,Lodging/residential,21168,1928,,"Cornell University, Ithaca, New York"
1401,15,1401,Lodging/residential,168791,1946,,"Cornell University, Ithaca, New York"
1402,15,1402,Lodging/residential,133594,1961,,"Cornell University, Ithaca, New York"
1403,15,1403,Lodging/residential,78438,2004,,"Cornell University, Ithaca, New York"
1404,15,1404,Lodging/residential,169290,2006,,"Cornell University, Ithaca, New York"
1405,15,1405,Lodging/residential,142901,2007,,"Cornell University, Ithaca, New York"
1406,15,1406,Lodging/residential,136522,2005,,"Cornell University, Ithaca, New York"
1407,15,1407,Lodging/residential,83141,2006,,"Cornell University, Ithaca, New York"
1408,15,1408,Entertainment/public assembly,28760,2007,,"Cornell University, Ithaca, New York"
1409,15,1409,Lodging/residential,48881,1902,,"Cornell University, Ithaca, New York"
1410,15,1410,Office,11524,1994,,"Cornell University, Ithaca, New York"
1411,15,1411,Education,9111,1958,,"Cornell University, Ithaca, New York"
1412,15,1412,Lodging/residential,39538,1953,,"Cornell University, Ithaca, New York"
1413,15,1413,Lodging/residential,65999,1975,,"Cornell University, Ithaca, New York"
1414,15,1414,Lodging/residential,65663,1975,,"Cornell University, Ithaca, New York"
1415,15,1415,Lodging/residential,40492,1975,,"Cornell University, Ithaca, New York"
1416,15,1416,Lodging/residential,41236,1975,,"Cornell University, Ithaca, New York"
1417,15,1417,Lodging/residential,40451,1975,,"Cornell University, Ithaca, New York"
1418,15,1418,Lodging/residential,41302,1975,,"Cornell University, Ithaca, New York"
1419,15,1419,Lodging/residential,40629,1975,,"Cornell University, Ithaca, New York"
1420,15,1420,Entertainment/public assembly,95079,1975,,"Cornell University, Ithaca, New York"
1421,15,1421,Education,47934,,,"Cornell University, Ithaca, New York"
1422,15,1422,Lodging/residential,19876,1932,,"Cornell University, Ithaca, New York"
1423,15,1423,Lodging/residential,18277,1965,,"Cornell University, Ithaca, New York"
1424,15,1424,Lodging/residential,24103,1964,,"Cornell University, Ithaca, New York"
1425,15,1425,Utility,4071,1990,,"Cornell University, Ithaca, New York"
1426,15,1426,Entertainment/public assembly,15450,1948,,"Cornell University, Ithaca, New York"
1427,15,1427,Education,180625,1933,,"Cornell University, Ithaca, New York"
1428,15,1428,Education,28432,1933,,"Cornell University, Ithaca, New York"
1429,15,1429,Education,40461,2002,,"Cornell University, Ithaca, New York"
1430,15,1430,Office,53303,1981,,"Cornell University, Ithaca, New York"
1431,15,1431,Public services,111360,2000,,"Cornell University, Ithaca, New York"
1432,15,1432,Education,160673,1968,,"Cornell University, Ithaca, New York"
1433,15,1433,Education,28084,1913,,"Cornell University, Ithaca, New York"
1434,15,1434,Education,33148,1967,,"Cornell University, Ithaca, New York"
1435,15,1435,Education,9552,1961,,"Cornell University, Ithaca, New York"
1436,15,1436,Manufacturing/industrial,11302,1937,,"Cornell University, Ithaca, New York"
1437,15,1437,Education,111518,1968,,"Cornell University, Ithaca, New York"
1438,15,1438,Education,108971,1990,,"Cornell University, Ithaca, New York"
1439,15,1439,Education,56497,1957,,"Cornell University, Ithaca, New York"
1440,15,1440,Lodging/residential,150294,1987,,"Cornell University, Ithaca, New York"
1441,15,1441,Education,30143,1951,,"Cornell University, Ithaca, New York"
1442,15,1442,Public services,99541,1993,,"Cornell University, Ithaca, New York"
1443,15,1443,Education,40311,1913,,"Cornell University, Ithaca, New York"
1444,15,1444,Entertainment/public assembly,19619,1914,,"Cornell University, Ithaca, New York"
1445,15,1445,Education,4298,,,"Cornell University, Ithaca, New York"
1446,15,1446,Entertainment/public assembly,11265,1997,,"Cornell University, Ithaca, New York"
1447,15,1447,Lodging/residential,29775,2001,,"Cornell University, Ithaca, New York"
1448,15,1448,Office,92271,2001,,"Cornell University, Ithaca, New York"
